product_hs12_code,import_value_world,import_value_china,share_imports_china
0101,694934515,22406,3.224188684886374e-05
0102,2443177704,0,0.0
0103,549823491,0,0.0
0105,45440692,0,0.0
0106,296426500,13297804,0.044860375168886725
0201,5556078738,0,0.0
0202,4371422953,0,0.0
0203,1405469442,0,0.0
0206,431671262,103989,0.00024089859380076127
0207,295017980,0,0.0
0208,58770258,3514973,0.05980870460020781
0209,15057047,0,0.0
0210,411732804,48311,0.00011733580499454204
0301,97857907,433157,0.004426387333217744
0302,2411660640,3445608,0.0014287283802915157
0303,800373887,92718779,0.11584433288738717
0304,6418682853,605794172,0.0943798261845669
0305,410726694,40063627,0.09754327533432731
0306,7016279051,59982414,0.008549034832280646
0307,1091951442,219696296,0.20119603083962043
0308,56052045,7161962,0.1277734291407209
0401,36801208,53097,0.0014428058991976568
0402,212375486,200536,0.0009442521063848207
0403,161548480,2586806,0.01601256786817183
0404,373534738,110950,0.00029702726068813444
0405,824008967,86744,0.00010527069907480752
0406,1832134431,12539,6.843930111152417e-06
0407,83729365,7069557,0.08443342428310545
0408,24879017,5350830,0.215074011967595
0409,521877819,17423,3.3385208885453706e-05
0410,21947159,4883724,0.22252192185785868
0501,90379,23672,0.2619192511534759
0502,1822352,1136771,0.6237933176466457
0504,168980837,84037897,0.49732205433448057
0505,114163383,70166753,0.6146169739906884
0506,32520648,106991,0.0032899405940496635
0507,9679578,82975,0.008572171224819925
0508,10202324,1242905,0.12182567422873455
0510,14273376,10032,0.0007028470349271259
0511,566357310,44013218,0.07771280995737478
0601,198048445,189776,0.0009582301946374787
0602,913745552,52078822,0.05699488428262138
0603,2594331089,9605806,0.0037026137645764456
0604,224393541,9152501,0.04078772035599723
0701,373904482,0,0.0
0702,3924077205,0,0.0
0703,886347138,118763803,0.13399242566291222
0704,815595906,1479293,0.0018137572652308042
0706,270448604,103351,0.0003821465464099789
0707,1458226374,0,0.0
0708,361623633,107011,0.00029591815975146737
0709,4860412691,26915805,0.0055377612378141984
0710,1433230319,140398135,0.09795922758455126
0711,52907379,820839,0.015514641161868934
0712,581759905,396704947,0.6819049294914884
0713,572356783,16982345,0.029670907211035883
0714,394932997,17309544,0.043829065009728725
0801,1090903790,43087,3.949660858727056e-05
0802,811192563,70066707,0.08637493758679836
0803,2825398465,752140,0.0002662066994504437
0804,5448307687,3593439,0.0006595514068660564
0805,1774535732,10658139,0.006006156318975718
0806,2026738944,305039,0.00015050729690819025
0808,188377847,28426436,0.15090116196093906
0809,223114963,38878,0.00017425097571784103
0810,3948781846,9973662,0.0025257566482440722
0811,1227587238,5927729,0.004828763949727539
0812,23709357,479017,0.020203711133962847
0813,348871430,101225473,0.290151225624867
0814,6297706,472926,0.07509496315007401
0901,8187254626,19135781,0.002337264672242038
0902,501479866,54222060,0.10812410163641545
0903,5195494,6909,0.001329806174350312
0904,1016438507,93416113,0.0919053266446152
0905,122852010,0,0.0
0906,137804742,1076795,0.007813918333811764
0907,26254351,301777,0.011494361448888987
0908,45254718,309440,0.006837740100380252
0909,109625325,2454765,0.022392316738855736
0910,424988383,86931857,0.20455113710719947
1001,726055430,0,0.0
1003,60317482,17648,0.00029258515798123003
1004,333251409,19428,5.829832815500564e-05
1005,210316485,106534,0.0005065413678818377
1006,1387962212,35865032,0.025840063720697318
1007,1874268,39256,0.020944710148175182
1008,133911918,1111521,0.008300388916840097
1101,280827858,546469,0.0019459216186451132
1102,332728960,15189,4.564976850827773e-05
1103,178684146,17384,9.728898947755555e-05
1104,428475714,1591109,0.0037134169989387076
1105,87149078,8275,9.495223804892119e-05
1106,115045168,8436218,0.0733296160687079
1107,292011018,3325,1.1386556653831466e-05
1108,397911750,8827379,0.02218426321916857
1109,305797849,707816,0.002314653298951099
1201,334294161,670862,0.0020068014289965417
1202,3596391,282924,0.07866886553770154
1204,101064808,0,0.0
1206,109109968,1535882,0.014076459082088632
1207,371974726,5947349,0.01598858358995068
1208,59891637,381325,0.0063669156346486235
1209,616469760,30174085,0.0489465776877685
1210,43164282,1017,2.3561147154028878e-05
1211,520070460,27471528,0.05282270406206113
1212,206050670,88163283,0.4278718579269847
1214,130016174,1044726,0.008035354124479928
1301,120080116,4358007,0.03629249492064115
1302,1454718141,418830669,0.2879119034784897
1401,14455116,7542047,0.5217562418731195
1404,153510767,8575605,0.05586321511897599
1502,788395054,0,0.0
1503,168055008,0,0.0
1504,373696248,102022338,0.27300872980667445
1505,24233585,5427445,0.22396376763900183
1506,90500605,2245879,0.024816176643239016
1507,206811766,361193,0.0017464818708622216
1508,53501164,1339846,0.025043305599855733
1509,2799279580,189370,6.764954860278729e-05
1510,90432517,6349,7.020704731684069e-05
1511,1384201780,35352,2.553962905610481e-05
1512,241793821,340568,0.001408505802966735
1513,913336730,23710,2.5959757470828967e-05
1514,4111098010,853396,0.00020758347232884385
1515,1006889886,23782079,0.02361934440962296
1516,315132577,873862,0.0027729979817351603
1517,398780032,4596284,0.011525862959958838
1518,1944109923,961979795,0.49481759422098276
1520,21437887,166636,0.007772967550393376
1521,60755512,9484249,0.15610516128972793
1601,161868252,10967,6.775263131895685e-05
1602,1352147342,15688827,0.011602897489554804
1603,39060415,680562,0.017423317186978173
1604,2430701583,577203321,0.23746367099807003
1605,3020022072,307842689,0.10193392023659356
1701,2035067819,5517451,0.0027111877788481703
1702,968013972,74717487,0.07718637247107835
1703,162117352,0,0.0
1704,3238909062,260247458,0.08035034421105337
1801,1102536598,4866,4.413458935355904e-06
1803,483952185,1095,2.2626202214584482e-06
1804,1074717957,0,0.0
1805,396962921,185963,0.0004684644085435879
1806,4780078448,30043138,0.006285072164991381
1901,1515277354,5677267,0.0037466850441691484
1902,1775766784,170514866,0.09602323206874445
1903,53198457,1799957,0.03383475953071346
1904,1157536828,29722268,0.025677168346647197
1905,10652705607,58945533,0.005533386087499339
2001,622090198,8387461,0.01348270882094818
2002,313380203,1394401,0.004449550375714065
2003,113484164,6018180,0.053031011445790796
2004,2462366216,10243846,0.004160163477486567
2005,1940983144,231709566,0.11937742309420075
2006,136571784,4398648,0.032207589819577956
2007,583842216,10373663,0.017767922078454155
2008,3614953432,409682314,0.11332990084282779
2009,3856489246,267346112,0.06932370219294526
2101,1191302678,29556570,0.024810294265115385
2102,484779850,23752981,0.048997459362223904
2103,2597351329,179695404,0.06918409611886586
2104,497983645,4412357,0.00886044560760625
2105,276279563,4832223,0.01749033821947952
2106,7426420933,608707213,0.08196508365088118
2201,1014589576,82996,8.180253568857877e-05
2202,2686944319,42099191,0.015668054861541773
2203,7381904977,4786504,0.0006484104055678635
2204,6030614443,437107,7.248133737141318e-05
2205,135677134,0,0.0
2206,406537155,2309716,0.005681438883489013
2207,324317002,132370,0.00040815004820499666
2208,9168282052,58693268,0.006401773818378161
2209,157469986,4408883,0.02799824342398811
2301,223524841,319085,0.0014275147163621067
2302,50322992,278962,0.005543430327036199
2303,64709871,1862012,0.028774775335280764
2304,364462052,0,0.0
2306,1273633240,1234518,0.0009692884585832574
2308,58376584,17091972,0.2927881494401933
2309,3107968336,300118656,0.09656425791848865
2401,697331662,2047,2.9354754868422996e-06
2402,1522880126,1373328,0.0009017965213106996
2403,169993666,3316529,0.019509721026899907
2501,379274649,2888185,0.0076150225374013855
2502,2394289,11825,0.004938835704461742
2503,110983111,527688,0.004754669383884905
2504,79219397,39815357,0.5025960624264787
2505,56107398,956156,0.01704153167109977
2506,47381872,743534,0.015692372812961042
2507,22683096,209102,0.009218406517346662
2508,52749326,25648694,0.48623737865389977
2509,1674599,1356495,0.8100416875920743
2510,334212333,21277,6.366312041512843e-05
2511,162295585,30511403,0.18799897113652228
2512,8711323,33642,0.003861870349658714
2513,47671819,3747581,0.07861208316804526
2514,4500156,284653,0.06325402941586913
2515,21876269,181096,0.008278194055851115
2516,46237526,647995,0.014014482522269897
2517,314137688,8465240,0.026947546643941684
2518,57247744,220067,0.003844116547195292
2519,178436383,79478077,0.4454140779125746
2520,118961711,252795,0.0021250114669248495
2521,10491495,31364,0.002989469089009717
2522,68754277,754491,0.010973731859619439
2523,1921138227,424881,0.00022116107733876248
2524,16948,0,0.0
2525,11914103,2211548,0.18562438145784035
2526,104878504,4546558,0.04335071369820454
2529,158494328,5304788,0.033469891742750564
2530,97821645,2463193,0.025180449582502932
2601,658147396,0,0.0
2603,311432,0,0.0
2604,340358,0,0.0
2605,156864,61019,0.38899301305589556
2606,98469481,45169,0.0004587106537100566
2607,88906826,0,0.0
2608,51344104,0,0.0
2611,37903882,1256381,0.033146499348008736
2613,598701504,3783,6.318674622871835e-06
2614,369383757,35712,9.667994145178398e-05
2615,80649827,767541,0.00951695779830997
2616,6225632,0,0.0
2617,4165128,1134,0.0002722605403723487
2618,189335015,3874928,0.020465987234321133
2619,10344148,43561,0.004211173312678821
2620,308780020,34492,0.00011170411867969954
2621,25298611,3010755,0.11900870763220953
2701,501512410,18091,3.607288601293037e-05
2702,8862469,108761,0.012272088060336233
2703,451426742,16893,3.742135418286762e-05
2704,51161130,0,0.0
2705,546696,0,0.0
2707,1397851574,810998,0.000580174615878066
2708,97400031,253091,0.002598469398844442
2709,151199352200,0,0.0
2710,54110620166,1159226567,0.02142327261161925
2711,9304216896,12855075,0.0013816396526102651
2712,286649572,48374440,0.16875810998943336
2713,2522420150,495880,0.00019658897824773562
2714,23601004,0,0.0
2715,128882937,75513,0.0005859037802653426
2801,392807164,540114,0.0013750105637075397
2802,18786849,233138,0.0124096382528012
2803,408031183,5204985,0.012756341223067747
2804,875385635,7602213,0.008684415983134108
2805,71848181,30082333,0.4186930355272321
2806,70948055,1280095,0.01804270744279036
2807,302408329,20630,6.821902051513932e-05
2808,8301829,0,0.0
2809,158370904,10515979,0.06640095329632013
2810,12847805,445645,0.0346864697899758
2811,632580528,75212827,0.11889842268429736
2812,60641213,11042351,0.18209317481825438
2813,4858369,0,0.0
2814,1040130612,0,0.0
2815,275819920,2956825,0.01072012855344168
2816,23972573,3489611,0.1455668108717408
2817,302956812,885093,0.002921515427089984
2818,883387638,103005127,0.11660240937172815
2819,20444649,3231022,0.15803753833093442
2820,25403740,541656,0.021321899846243112
2821,187467486,62998093,0.3360481027627372
2822,39307986,731222,0.01860237764407467
2823,47673069,6138690,0.12876641107372383
2824,2378727,5473,0.0023008104755190485
2825,671357772,174553522,0.26000074666596695
2826,163515356,69421178,0.4245544864911648
2827,391755462,66896393,0.17076058788939105
2828,69538226,969191,0.013937528403442445
2829,173769831,1565159,0.009007081327022756
2830,38378868,2410620,0.06281112824901454
2831,14745305,443620,0.030085508573746016
2832,40611429,3181603,0.07834255228989849
2833,360051554,35553189,0.09874471754119966
2834,123531313,4621740,0.03741350988473668
2835,411381469,61837402,0.1503164499614347
2836,366443716,18842346,0.05141948183933382
2837,30918159,1871945,0.06054516376605735
2839,56023298,3390881,0.060526265340537434
2840,87230561,2691906,0.030859666258480214
2841,2159392747,36608049,0.016952936908239045
2842,239243313,13639861,0.05701250676126526
2843,132890905,796242,0.005991696722962342
2844,6886209713,286954983,0.041670961960144415
2845,203735622,2649671,0.013005437998466464
2846,162619115,93839923,0.5770534601667214
2847,45891626,262683,0.005723985460876893
2848,27474912,968575,0.035253070146321126
2849,237362365,72400324,0.30502023351511515
2850,38219962,7892687,0.20650692954639777
2852,1511945,244450,0.16167916160971463
2853,57997007,2043983,0.035242904862314704
2901,1361156879,9415543,0.006917309198714338
2902,3020033679,9139210,0.003026194728737659
2903,666549102,263752015,0.3956978026203987
2904,130105554,12103545,0.09302865733156941
2905,1645069890,103968977,0.06320034038189101
2906,275827860,35951928,0.13034190237345858
2907,182495321,27080832,0.14839192507297214
2908,30777488,4202551,0.13654626394460784
2909,487913994,108592150,0.2225641226433034
2910,143940407,24722233,0.17175325202463823
2911,14565191,2597643,0.1783459619582057
2912,328448505,105241495,0.32042007620037727
2913,3475924,1247407,0.3588706197258628
2914,915267691,247058998,0.2699308633194177
2915,1082785850,83757457,0.07735366785592922
2916,792072130,183242191,0.2313453334104812
2917,1372219108,167530427,0.12208722792395338
2918,1278534759,248176790,0.19411031906094622
2919,112129559,77160648,0.6881383346919254
2920,231376529,57504261,0.24853109020405437
2921,780971552,147568819,0.1889554345764441
2922,1988240773,394420110,0.19837643174617664
2923,249767688,73241835,0.29323983252789687
2924,1121084221,273892733,0.24431057709088924
2925,277737650,122285591,0.4402917321436255
2926,251052775,94145842,0.37500418786448386
2927,40280953,5716167,0.14190744196146501
2928,129394276,17827227,0.13777446384104347
2929,257631388,48847425,0.18960199445884288
2930,568899929,231497456,0.40692122498050093
2931,889152421,452855956,0.5093119529390563
2932,1081262771,403822467,0.37347301491433665
2933,11409230302,911072253,0.07985396287778432
2934,5968985517,691354513,0.11582445811452954
2935,1768822330,144594057,0.08174594731625759
2936,1237022951,742689013,0.6003841823626763
2937,18454920813,239678324,0.012987231233805458
2938,227886516,135281062,0.5936334644740455
2939,394319996,55165275,0.13989976557009298
2940,191222085,56652806,0.2962670655954829
2941,437772342,161662159,0.36928362870398057
2942,153978498,583496,0.0037894641627170566
3001,290280584,115298324,0.3971961280055851
3002,86714258057,321229282,0.003704457481361899
3003,1708222710,40681182,0.023814916967120757
3004,77251678737,985189045,0.012752979108117941
3005,1872598869,605281532,0.3232307473961205
3006,3511918603,334741411,0.09531582272836635
3101,53365014,389154,0.007292305779213325
3102,2499378489,1021042,0.00040851835946164293
3103,364403066,44372,0.00012176626417298037
3104,3582405789,85180,2.377731753938945e-05
3105,1929928414,8634074,0.004473779409312329
3201,20828934,285972,0.013729555242721495
3202,8197251,36701,0.004477232672270253
3203,184824265,13296681,0.07194229069435228
3204,736125745,154491783,0.20987145749127414
3205,25123174,81478,0.003243141173165461
3206,993710515,55027820,0.0553761071955649
3207,218449240,3065826,0.014034500646465971
3208,810353768,13392890,0.016527213827924103
3209,412609085,1150804,0.002789090308081801
3210,24618614,148758,0.006042501011632905
3211,14064714,132461,0.009417966124302278
3212,219304521,1628555,0.007425998299414904
3213,153002760,81197344,0.530692021503403
3214,665708745,10979345,0.01649271559441509
3215,746776511,24454447,0.03274667405815071
3301,1239051656,41191605,0.03324446143995146
3302,4800871137,30320368,0.0063155971353454805
3303,4245298783,80863993,0.01904789206446768
3304,6522679343,790115460,0.12113357386607315
3305,1835148482,102395815,0.05579701915367958
3306,601935408,111176801,0.18469888882163915
3307,1699513334,208244785,0.12253201009601493
3401,1537231609,297736125,0.19368332218570716
3402,1944272147,141300084,0.07267505437344518
3403,402335043,4039281,0.010039595283277376
3404,256684492,11080732,0.043168685079735945
3405,120220320,7719347,0.06421000210280592
3406,1029018324,105086687,0.10212324168485847
3407,191646527,81967046,0.4276990941766453
3501,347568655,1761,5.066624894583777e-06
3502,167677579,1586145,0.009459493686988408
3503,266467513,28607818,0.1073594963900909
3504,680826500,118247006,0.1736815561673936
3505,290974026,26472252,0.09097805863950208
3506,699718084,127145928,0.1817102214554169
3507,959887569,55226912,0.05753477155406312
3601,152501296,447753,0.002936060294202352
3602,137425631,716956,0.0052170471751372205
3603,319427473,4884111,0.015290203294442367
3604,444165410,408724831,0.9202086020160822
3605,9856459,1362760,0.13826060657280673
3606,27950765,9754103,0.3489744556186566
3701,295955718,30961284,0.10461458291540764
3702,140741102,2323806,0.01651121077622371
3703,26743897,543310,0.020315289129329207
3704,7082281,160987,0.022730953488007608
3705,278128792,11807,4.245155604026785e-05
3706,798197,3702,0.004637952786091654
3707,442958861,7412365,0.016733754875715195
3801,438590498,277084756,0.6317618764280661
3802,256328786,19447841,0.075870686642272
3803,4475250,0,0.0
3804,28594003,92979,0.003251695818875028
3805,18719294,30847,0.0016478719763683394
3806,107668586,10406822,0.09665606642219672
3807,4117336,54590,0.013258573019058926
3808,2252529305,465277356,0.2065577371034469
3809,218039697,1316640,0.006038533432744589
3810,101724705,2722050,0.026758986423209584
3811,650555839,4454640,0.006847436811646233
3812,484141550,78486293,0.16211435064806975
3813,14985824,5851600,0.3904756922275345
3814,88849580,1853155,0.02085721733293506
3815,1934798060,110566946,0.05714650447809525
3816,130900430,2090481,0.015970008654669812
3817,155602040,50024,0.00032148678770535397
3818,1337001938,114737371,0.0858169070208184
3819,52880677,40439,0.0007647216770693008
3820,49802255,2399065,0.04817181470999657
3821,302119686,2355404,0.0077962612472727115
3822,4698133015,278212784,0.05921773247197004
3823,718632076,3663163,0.005097410931598884
3824,7268152422,3164621875,0.43540939860052924
3825,23729628,19975,0.0008417746793165068
3826,1695264077,4438053,0.002617912489394418
3901,4135430834,53660026,0.012975679718501611
3902,1296664598,16786364,0.012945802658522184
3903,1031913765,17325639,0.016789812858054084
3904,1054869837,98678440,0.0935456077506556
3905,373951720,18770590,0.05019522306248518
3906,1033490385,90981226,0.08803296800869609
3907,4354545956,113772575,0.026127310665589862
3908,640249564,20297242,0.03170207859758886
3909,1335131576,364499745,0.27300660964968443
3910,617981806,77116482,0.1247876252201509
3911,523439521,77760542,0.1485568797928042
3912,497948066,43941838,0.08824582521824675
3913,741264885,108527591,0.1464086498580059
3914,310836473,56436786,0.18156423361553198
3915,283619498,928362,0.0032732657893640303
3916,924600941,242408271,0.262176102414328
3917,3901382954,649711203,0.16653356275468056
3918,4282065289,1730985022,0.4042406888205669
3919,1856407042,416849164,0.2245462091928436
3920,6428195752,689002855,0.10718448559778707
3921,3232014138,349735134,0.10820965474378132
3922,567904223,290405045,0.5113627144132014
3923,11799213836,2843550647,0.24099492445201584
3924,5916552636,4484098190,0.7578903570832696
3925,2706521274,577272395,0.21328943561076918
3926,16234624513,7544629023,0.4647245778279985
4001,1537378077,262187,0.0001705416539512681
4002,1180965401,27968466,0.023682714139057152
4003,98734611,6231313,0.06311173900305335
4004,28302242,9077,0.00032071664145900524
4005,663071431,1193096,0.0017993476180999872
4006,23814735,1248636,0.05243123637529454
4007,16724031,9708725,0.5805254128026909
4008,461006575,38070777,0.0825818525473308
4009,2140831853,256840354,0.11997222184455231
4010,779053765,128660138,0.1651492410154773
4011,17334817096,730929275,0.04216538720611373
4012,457004027,38760089,0.08481345176417887
4013,78010493,26639364,0.3414843692886289
4014,115775987,3463704,0.029917291916500784
4015,2770090486,585876504,0.21150085419989417
4016,4428472116,703743475,0.15891338063468569
4017,53512522,8968864,0.1676030892358241
4101,10651782,0,0.0
4102,723073,0,0.0
4103,1616929,0,0.0
4104,33383235,50697,0.0015186365251899643
4105,922236,2713,0.002941763279681123
4106,1835675,37909,0.020651259073637764
4107,418941921,2026939,0.004838233889704249
4112,4780335,23484,0.004912626416349482
4113,30251723,452774,0.014966883043322854
4114,28584668,202090,0.0070698739618035794
4115,12448135,19549,0.0015704360532722372
4201,646195006,318014984,0.4921346978035915
4202,13389157585,5136407727,0.3836244135892736
4203,1307491142,140083184,0.10713891628032154
4205,333871057,38844437,0.11634562561078782
4206,8169501,2899,0.00035485643492791055
4301,18081604,61977,0.00342762732775256
4302,29956531,1221236,0.040766936598900586
4303,101879807,16868335,0.16557093595593483
4304,7763605,5197270,0.6694402922353726
4401,150739972,185449,0.001230257625362966
4402,66890265,1012570,0.015137778270126453
4403,164098563,887828,0.005410333788236768
4404,16793523,154716,0.009212837592207423
4405,1060554,50617,0.047726942711073646
4407,7283995464,9257038,0.0012708736634655324
4408,410760943,7952054,0.019359323556718974
4409,1335236245,37364785,0.02798365093811545
4410,2462218122,13918915,0.005652998357714142
4411,1311021412,147419287,0.11244613219177536
4412,2819927131,167897348,0.05953960517428704
4413,67521547,928901,0.013757104824627315
4414,266704187,178683275,0.669968015912701
4415,320346877,11794301,0.036817281037517344
4416,249430835,556250,0.00223007712739285
4417,40393153,1504875,0.03725569529073405
4418,3167488335,296106802,0.093483154690134
4419,394562241,276212943,0.7000491032795001
4420,556911243,409890005,0.736005979681757
4421,1964063590,1039042710,0.5290270209632062
4501,7022899,58280,0.008298567301053312
4502,1805805,2689,0.0014890865846533818
4503,121891898,50049,0.00041060153153083234
4504,127455053,8654949,0.06790589149886431
4601,63793394,43336028,0.679318425979969
4602,494735252,241331550,0.4877993816377572
4701,6671199,0,0.0
4702,216428065,0,0.0
4703,3558866203,554775,0.0001558853208733568
4704,275249830,0,0.0
4705,75504570,0,0.0
4706,20739659,618862,0.02983954557787088
4707,161894033,255937,0.0015808921135468902
4801,423832637,168617,0.0003978386402555403
4802,2000952879,5321206,0.0026593359872918824
4803,605165316,27365145,0.04521928847620871
4804,858974785,2831028,0.003295822007161712
4805,1019926467,12144259,0.011906994663763344
4806,319141638,6275429,0.01966346052281652
4807,84524251,882171,0.010436898163108242
4808,87741657,6401061,0.07295350029690002
4809,29960090,1948106,0.065023369422455
4810,2249913126,11288178,0.0050171617159586275
4811,1740781109,83402263,0.04791082725381299
4812,22716428,1286052,0.05661330205611551
4813,251694141,1317097,0.005232926737059008
4814,161816392,26932802,0.1664405049891361
4816,21298769,4396518,0.2064212255647263
4817,246143895,61971129,0.25176788967282737
4818,1743126743,484054374,0.2776931602614968
4819,3853293639,1111842173,0.2885433286855718
4820,1039516961,397336504,0.38223186240055973
4821,558286167,152489764,0.27313906919710584
4822,36560026,6620500,0.1810857574335423
4823,2086119151,950078185,0.45542853319024057
4901,2090538669,538918361,0.25778923346000066
4902,144562577,690991,0.004779874669777089
4903,284630796,240473489,0.8448611056127602
4904,11854684,328906,0.02774481377993711
4905,28498072,1184465,0.041562987138217634
4906,8683452,6479,0.0007461318378911981
4907,186974634,1082198,0.005787940197278311
4908,115391601,23791818,0.20618327325227076
4909,308373622,197558895,0.6406478404952548
4910,87705766,45567589,0.5195506644340806
4911,1565171747,358710954,0.2291831261888987
5001,50348,4857,0.09646857869230158
5002,2758938,28618,0.010372831865014727
5003,2234125,1515403,0.6782982151849158
5004,13126571,11323666,0.86265224939552
5005,3037553,619422,0.20392138013723546
5006,1426843,175058,0.1226890414712761
5007,37559401,5438331,0.14479280433678907
5101,8419086,161257,0.019153741866991262
5102,6207220,16206,0.0026108306133824804
5104,257760,16409,0.06365999379267535
5105,4621710,741289,0.16039279833654643
5106,15178798,696359,0.0458770846018242
5107,49437816,477653,0.009661692984172278
5108,16485793,4973619,0.30169121982788455
5109,47576547,1022479,0.021491240211274687
5110,171828,8392,0.048839537211630236
5111,24313035,854250,0.03513547362556752
5112,54214006,1085132,0.020015713282652458
5113,272999,12260,0.04490858940875241
5201,6672684,10258,0.001537312421808076
5202,15836795,0,0.0
5203,3484114,28626,0.008216149069749153
5204,12552101,2365117,0.18842399372025448
5205,74768846,846194,0.011317467705734016
5206,9869052,413809,0.04192996449912312
5207,56829578,3654050,0.0642983834931873
5208,352093403,57800574,0.16416261567956728
5209,128216467,9372716,0.07310071958229827
5210,61353656,1673993,0.027284323529147145
5211,48695913,3879059,0.07965882064887048
5212,29701181,1403303,0.04724738049978551
5301,18014130,36596,0.0020315163707600643
5302,2462636,18747,0.007612574493347779
5303,1793670,82192,0.04582336773208004
5305,62837367,4344,6.913084057134348e-05
5306,1555555,55832,0.035892012818576007
5307,4127694,1074540,0.26032452987067356
5308,4545505,967164,0.21277371821172786
5309,115464959,12129462,0.10504885729011518
5310,29682571,587202,0.019782720304113818
5311,6733462,659562,0.09795288070237866
5401,60774357,7175779,0.11807247915432491
5402,776509809,124864525,0.16080225072855456
5403,12860172,372808,0.028989347887415504
5404,168060842,8593713,0.051134534956096434
5405,4187847,658705,0.15728965265445466
5406,28890934,19411205,0.6718787630749494
5407,763416703,204660127,0.26808442387459785
5408,21199653,2795350,0.13185829032201613
5501,46593464,1815677,0.03896849137467006
5502,2639812,0,0.0
5503,679145229,31293376,0.0460775908653258
5504,232631452,21389843,0.09194733908981491
5505,6644335,104983,0.015800377313907262
5506,20879817,431762,0.020678437938416797
5507,332863,0,0.0
5508,11860127,3767274,0.3176419611695558
5509,116814276,12373973,0.10592860242527206
5510,16944659,462907,0.02731875572119805
5511,147505490,6919879,0.04691268779216286
5512,91553766,17927576,0.19581473033015376
5513,30963921,10777488,0.3480659959053635
5514,22357799,7007573,0.3134285713902339
5515,62030830,9256709,0.14922755346011007
5516,37576466,11898498,0.316647605977635
5601,193413275,41890726,0.2165866122684702
5602,139909053,38484024,0.27506457355550823
5603,1704172901,287051041,0.16844009245280211
5604,81484956,34940108,0.42879213188751064
5605,8027927,344839,0.042954924727143136
5606,71631537,24165683,0.33736094480284573
5607,350932013,130012239,0.3704769989165964
5608,156311099,84504735,0.540618903843802
5609,151152595,81627474,0.5400335601251173
5701,347781155,31243898,0.08983781194239808
5702,1435626777,214272612,0.14925370258679704
5703,1205933643,239860639,0.19890036271257755
5704,38978743,3091449,0.07931115172185003
5705,606068743,425730172,0.7024453528038155
5801,197423963,97630835,0.49452373215707357
5802,4703287,1370576,0.29140811521814425
5803,9782049,2733317,0.27942172442603797
5804,27130598,15504067,0.571460570091378
5805,5034072,18791,0.003732763456700659
5806,424523816,101682693,0.23952176336792375
5807,48692442,10998528,0.22587751914352538
5808,43979841,13284017,0.30204786324716365
5809,2140663,571118,0.2667949135384692
5810,126807410,50995280,0.40214747702835346
5811,26874078,3271235,0.12172454809426392
5901,92625799,20781550,0.22436027785304177
5902,278327212,12838489,0.04612732225406691
5903,1084511689,238306300,0.21973603642735842
5904,36953964,5661517,0.153204592611499
5905,44338599,16129056,0.36377008664617483
5906,136162978,25066260,0.18409012764100974
5907,88020731,31000417,0.3521944960897905
5908,5904929,994480,0.16841523412051188
5909,64088599,11427483,0.1783075801048483
5910,87823666,11165312,0.12713329457233088
5911,739163056,79513545,0.1075724014540034
6001,104460285,63718235,0.6099756955478343
6002,7821789,2295801,0.2935135427457836
6003,15815804,1399662,0.08849768244472428
6004,140658034,57644060,0.40981704607075625
6005,286195946,31677907,0.11068607869099585
6006,371627604,127441444,0.3429278197536693
6101,642208692,56725086,0.08832811935843435
6102,692671982,153954795,0.22226219480608356
6103,3179410194,882266228,0.2774936778101052
6104,8040117358,3844069191,0.4781110797064562
6105,2419939372,299081572,0.12359052274636903
6106,1649597545,122080287,0.07400610371301201
6107,1857937513,642968355,0.3460656510249384
6108,3431836654,1421675575,0.41426085164716586
6109,8866078239,2036298039,0.22967291558997938
6110,12696700517,4802036612,0.37821137905634666
6111,1686620077,470086505,0.2787151127930039
6112,958753197,480121027,0.500776454777235
6113,164170301,53619144,0.32660684468136536
6114,2174845263,1120778619,0.5153371773465798
6115,2730926263,1526512654,0.5589724902799399
6116,1046081802,611339354,0.5844087458850565
6117,358567607,248960083,0.6943183883311579
6201,1797773133,536754663,0.2985664059314875
6202,1844796926,594768548,0.3224032627209614
6203,8806373134,1733436350,0.19683884882273261
6204,12092421473,4940270129,0.40854266782138315
6205,2757073619,486115229,0.17631565064131863
6206,1742650497,368481341,0.21144879115711748
6207,238748278,40111248,0.16800643898256723
6208,565447388,219791133,0.3887030653327556
6209,306675831,54138410,0.17653301801927782
6210,1894980936,659521183,0.3480357878386593
6211,2525589994,981568746,0.38864928524895004
6212,2305239533,750769441,0.32567957917282514
6213,25119799,14479178,0.5764050102470963
6214,329911579,139199321,0.42192917696895993
6215,92648303,51317519,0.553895941299648
6216,254785546,118803262,0.4662872908810926
6217,354194101,55461414,0.15658480433021102
6301,1857540704,1562552988,0.8411944807643903
6302,5625953131,2626053129,0.46677479670599836
6303,1710094761,936454513,0.5476038722277566
6304,1886598349,637453457,0.3378850921489914
6305,679756618,136367932,0.20061287877008943
6306,1361418023,1102910358,0.8101188168272104
6307,4784060511,2797887682,0.5848353455326937
6308,16378351,7355263,0.4490844652187513
6309,40740197,119947,0.002944192930633104
6310,74229638,1290974,0.01739162462303804
6401,257203635,146032368,0.5677694562909268
6402,6096751412,3585856744,0.5881585949104136
6403,10169036466,1942708604,0.19104156136084408
6404,7292702372,2688962495,0.36871962653023516
6405,470637791,253431794,0.5384858565257035
6406,296206638,123348212,0.4164262247222157
6501,52782066,910802,0.017255899001755635
6502,8699520,7331172,0.8427099426175237
6504,109917970,58783959,0.5347984410556345
6505,1892989669,788014922,0.4162806247200919
6506,620827586,349385858,0.5627743771037906
6507,72025556,21352061,0.29645117907871477
6601,475399225,455516294,0.9581763495722989
6602,59680466,50224293,0.8415532981930804
6603,57467054,45624621,0.7939265687779993
6701,19313343,15551423,0.8052165282830631
6702,1715510014,1667963207,0.9722841565412162
6703,31134422,1569913,0.0504237078819064
6704,2788432221,2375938461,0.8520696479930684
6801,43661456,616477,0.014119478745738575
6802,2663487895,401692247,0.15081436929151126
6803,57077634,26717946,0.46809834479123646
6804,516550764,71608015,0.13862725600382617
6805,560043667,66975324,0.11958946765484985
6806,447306985,23650980,0.05287415755423538
6807,568597300,873305,0.0015358936808176895
6808,40235504,14315735,0.3557985753080165
6809,340718768,3587160,0.010528213696757674
6810,2726983565,381976926,0.1400730576093516
6811,115892576,18585584,0.16036906453783545
6812,1257344,411807,0.32752134658454646
6813,194236943,2260881,0.011639809425954568
6814,48167609,27803766,0.5772295236826058
6815,1088156435,98040934,0.09009819805917887
6901,5052604,243141,0.04812191891547408
6902,235143398,22871038,0.09726421491961258
6903,352793452,10607741,0.03006785114594474
6904,35602124,5587959,0.15695577600931898
6905,16428066,977139,0.05947985599765669
6906,3195945,1332848,0.41704347227502353
6907,857071292,7096567,0.008280019487573736
6908,1084520106,9399676,0.008667129311846985
6909,909240659,54945131,0.06042968982538648
6910,1425599228,743095500,0.5212513344598977
6911,1106901042,918918832,0.8301725241306621
6912,377526881,154458529,0.4091325327374503
6913,589427613,391848520,0.664794983060965
6914,385260758,190354310,0.49409213382692874
7001,35209000,4240947,0.12045065182197734
7002,86383670,6607160,0.07648621550809313
7003,143877600,4874728,0.0338810766929668
7004,46427004,16474079,0.3548382962639588
7005,153180419,10207185,0.0666350507893571
7006,321547223,25454334,0.07916203959876836
7007,1554049036,595184469,0.3829895036851334
7008,352189185,24370081,0.06919599476060005
7009,1521728503,889876316,0.5847799487527902
7010,1792487324,489988321,0.27335664494774414
7011,7527985,610340,0.08107614454598408
7013,1515193206,955302337,0.6304821940971665
7014,29141775,1846740,0.0633708825217407
7015,7026429,35040,0.004986885941635502
7016,159298266,109220418,0.6856346948560005
7017,204624858,32237374,0.15754378189965562
7018,211003262,149434268,0.7082083309214433
7019,1626394444,358086873,0.22017221856667876
7020,449722318,38653502,0.08594970819304547
7101,50123861,2955286,0.05895966394129135
7102,10172710269,3069994,0.0003017872247237203
7103,1311177307,3576746,0.0027278888834521295
7104,808790171,8065381,0.009972155064678698
7105,46337078,23118028,0.49890992263258377
7106,5844595510,128254,2.1944033557251252e-05
7107,2485156,449111,0.18071742779930114
7108,30755585699,789031,2.5654884537791613e-05
7109,3592825,101690,0.0283036329350859
7110,7039652733,36606,5.199972411764136e-06
7111,6967789,0,0.0
7112,1632014720,5817,3.564306086650983e-06
7113,15678155783,1152227407,0.07349253464169384
7114,121690749,10150006,0.08340819728211221
7115,3569676329,1690960,0.0004737012110209166
7116,331310866,130563931,0.3940828520849057
7117,1302220924,687832173,0.5281992942389551
7118,154327883,71939,0.0004661438918332081
7201,1775752919,0,0.0
7202,2288825110,23476776,0.010257129693932797
7203,502754131,3284651,0.006533314790405969
7204,1829244065,3968104,0.002169258917344089
7205,205951369,9137220,0.0443659104786043
7206,4925417,212823,0.04320913335865775
7207,3615445636,4635063,0.0012820170641890962
7208,2120515305,1155125,0.0005447378744573598
7209,1063229129,495798,0.0004663134092895982
7210,5496152286,115182081,0.020956857635367202
7211,322154153,2434034,0.007555494713737246
7212,279806010,13264397,0.04740569010651344
7213,808929650,215298,0.0002661516981112016
7214,735479313,7036487,0.009567212667475802
7215,155547565,4128516,0.026541823396592546
7216,1029476068,22108393,0.02147538314606066
7217,590347105,85419677,0.1446939881241562
7218,246472910,1532931,0.00621947052923585
7219,1181039406,86169112,0.07296040382923515
7220,291406594,21397126,0.07342704811957687
7221,128244261,14796937,0.11538089022166848
7222,707189342,11400298,0.016120573830706853
7223,244450506,8946543,0.036598586545777086
7224,1093131573,135020,0.00012351669582596532
7225,1888271125,41937108,0.022209261924714334
7226,256472090,14274354,0.055656558965149
7227,532791454,35448,6.653259870042885e-05
7228,615210204,50141366,0.08150281915675117
7229,215946596,18325047,0.08485916119742865
7301,123072139,9194707,0.07470989839544431
7302,208152568,40769042,0.19586134531859342
7303,55526954,869933,0.01566685973806523
7304,2888052015,218463672,0.07564395338634508
7305,902085754,4002142,0.004436542736933633
7306,3875049829,73782065,0.019040288062319003
7307,3012389784,563758046,0.18714644731380486
7308,8461781929,1468565595,0.173552758428691
7309,546401307,21936403,0.04014705440666159
7310,773805103,199222100,0.2574577231755475
7311,588883296,150393735,0.25538801324736504
7312,927369689,143677024,0.1549296097384093
7313,9034377,3351577,0.37098042288914884
7314,604297862,206016323,0.34091850386192496
7315,630568266,201926186,0.32022890603251514
7316,30079744,22334634,0.7425140985242428
7317,935521990,233044710,0.24910660838661847
7318,6478942501,1201411768,0.18543331227504592
7319,35945764,19505993,0.5426506722739292
7320,1417647428,109231234,0.07705105786006476
7321,3006109839,1699753565,0.5654329535628122
7322,713693846,37120180,0.052011349415502735
7323,2695189660,2033053899,0.7543268398410226
7324,878956184,507628719,0.577535863835506
7325,724118179,126912230,0.17526452681420665
7326,9565546078,3142096107,0.32848057825225185
7401,117498,12398,0.1055166896457812
7402,3300109,37895,0.011482954047881449
7403,7854645395,160667630,0.020455109291410603
7404,788503371,48122,6.102954251035155e-05
7405,6196633,40056,0.006464155614831474
7406,52195577,186072,0.0035648997615257707
7407,602000135,10001154,0.016613208899031225
7408,2484231364,17354246,0.006985760767490253
7409,1085796198,93987749,0.08656113290240126
7410,435828143,10328414,0.023698364059064447
7411,1198986592,144861279,0.1208197655975122
7412,960169358,152174162,0.158486792701835
7413,83102264,4388689,0.052810703207797086
7415,139403986,25128688,0.18025803078543248
7418,242246743,100311228,0.4140870038446709
7419,448520016,46300843,0.10323027144456358
7501,21168818,806450,0.0380961279935422
7502,1339363345,24296816,0.01814057110843212
7503,331906152,215725,0.0006499578230173932
7504,103872572,1178171,0.01134246488091197
7505,577087926,14334965,0.02484017487484221
7506,157496062,4042864,0.02566961959975863
7507,271086706,4849618,0.01788954564227137
7508,490140755,9082672,0.01853074225586485
7601,10315136788,4743975,0.0004599042259448126
7602,1318264606,489560,0.00037136702128828905
7603,70730585,9891736,0.13985090042730453
7604,1717032707,48551428,0.028276355949461828
7605,877806635,3584944,0.00408397915561438
7606,3330508549,428364216,0.12861826045413344
7607,1449078969,234484472,0.16181621362003218
7608,263018408,19892499,0.07563158469121295
7609,177161229,71525688,0.40373217325106725
7610,3089952112,692697249,0.22417734123123523
7611,16353575,781287,0.047774691466544776
7612,363564489,62020631,0.17059045334870426
7613,75581819,20206928,0.26735170266277924
7614,354943248,674157,0.0018993374399954778
7615,1406015554,1027634453,0.7308841286118517
7616,3482369521,1123105002,0.32251172519953836
7801,797985263,1188351,0.0014891891556147697
7802,9150089,44526,0.004866182175932933
7804,9938430,152465,0.015340954255350191
7806,20248288,1122176,0.05542078421642363
7901,1535023263,1489160,0.0009701221055696795
7902,14877963,18184,0.001222210325432319
7903,66547351,0,0.0
7904,15186608,646528,0.042572245230798084
7905,10882628,38425,0.0035308567011571104
7907,173719745,23203706,0.13356976778891771
8001,706090863,14423,2.0426549550181617e-05
8002,15002025,241104,0.016071430356901818
8003,31852554,0,0.0
8007,45101739,576821,0.012789329475743717
8101,207803778,38416879,0.18487093627335302
8102,168416441,83879447,0.4980478538909393
8103,193646611,76744588,0.3963125799294262
8104,375631414,44163824,0.11757223265677136
8105,361394737,25227859,0.06980693523492015
8106,18850369,8096809,0.42953053067555336
8107,1130136,287895,0.2547436768672089
8108,1144843945,97125269,0.08483712511577288
8109,127959601,34700277,0.27118150360597015
8110,75146124,6794821,0.09042144342667627
8111,103209640,72075154,0.6983374227446196
8112,668026703,155088627,0.23215932282874627
8113,86373289,15151989,0.175424476425808
8201,436334567,177778072,0.40743522389781234
8202,819669575,162499111,0.19824953366117073
8203,574648654,278171917,0.48407303325903206
8204,898638664,370401251,0.41218040780849374
8205,1865146425,928691615,0.49791887787040634
8206,334279259,230093539,0.6883272976263238
8207,2977413071,694467197,0.233245162978597
8208,473817199,59966707,0.1265608490501418
8209,897322053,88739276,0.0988934526944029
8210,100427166,67328510,0.6704212882000474
8211,746297269,456520843,0.6117144762055936
8212,657233584,86752890,0.13199704353513378
8213,150436905,121179126,0.8055146175733939
8214,205698787,164324513,0.7988599028539726
8215,576783435,438372485,0.760029602791904
8301,3245611202,847453600,0.261107553325483
8302,6525017728,2064228286,0.31635596592205917
8303,378581877,245864285,0.6494349041436022
8304,70548016,64682002,0.9168507587796657
8305,165660398,75121785,0.45346857732407475
8306,698925557,533800701,0.7637447159483396
8307,364985763,95678136,0.26214210443052266
8308,251667540,74582254,0.29635229875096325
8309,974891310,113552311,0.11647689320361261
8310,167105057,71164118,0.4258645386177631
8311,223844111,20254609,0.09048533333986168
8401,133679702,1816,1.3584710115526739e-05
8402,276490615,20740047,0.07501175763235218
8403,461430220,21203776,0.045952291551255575
8404,82560955,6358408,0.07701470991947706
8405,58609076,3359715,0.05732414208338654
8406,313498122,5030242,0.016045525146718424
8407,10817015031,264017167,0.024407580672058327
8408,5795440314,58011160,0.010009793364597836
8409,13670183225,1607182044,0.11756843471276882
8410,63977862,4435056,0.06932172881925938
8411,35984948683,835377745,0.0232146432209489
8412,4395849726,536669941,0.12208559765493676
8413,11143787683,1704234760,0.15293137382721617
8414,15385623011,3800627614,0.2470246158561619
8415,14099195225,2491612938,0.1767202239729254
8416,247926550,9295235,0.037491890239266426
8417,502284923,70795863,0.1409476170958052
8418,12915216559,2808664738,0.21746942648381495
8419,8961330946,980418754,0.10940548450982295
8420,249150774,30946483,0.12420785415661603
8421,13901122225,1960210252,0.14101093568364764
8422,5708264885,417278749,0.07310080338011504
8423,744153403,279482526,0.3755711186339895
8424,3483190576,995975416,0.2859376753205823
8425,1539064448,740877274,0.4813815788953888
8426,1873819950,331264328,0.17678557003302264
8427,5691244244,713905815,0.12543932124379234
8428,6696485880,498425949,0.0744309713977923
8429,10917138884,712452479,0.06525999958140681
8430,1257557267,164807084,0.13105334311586464
8431,10425354377,1894705901,0.18174019150658557
8432,1075856237,156243341,0.14522696957697703
8433,3989100917,707732241,0.1774164794838656
8434,155104574,4612730,0.02973948402063243
8435,39961748,10001926,0.250287499936189
8436,1218024821,90370660,0.07419443220032705
8437,128910524,16597496,0.12875206371824227
8438,2178649079,199455630,0.0915501408292657
8439,760246006,48491246,0.06378362479683977
8440,189602886,3542907,0.018685933926132325
8441,1230515037,61550253,0.05001991129670364
8442,101569363,6903856,0.06797183516844543
8443,12610183367,1910680868,0.15151888060566376
8444,19652686,2049749,0.10429866940325612
8445,47634004,2490896,0.05229239179641502
8446,22759727,1691301,0.0743111286000926
8447,147927548,34514031,0.23331713035627413
8448,171861373,23667816,0.137714575339742
8449,102969559,5075385,0.049290149917025475
8450,1936096702,480192460,0.24802090696397458
8451,1102812229,120252835,0.10904198542397556
8452,336640567,58972039,0.17517805273896178
8453,38800583,5326656,0.13728288567210448
8454,429414774,33784261,0.07867512495040517
8455,1092815693,89036607,0.08147449526056541
8456,1166645619,281607390,0.24138211759744327
8457,1298378457,13646434,0.010510366932251094
8458,863486936,23301656,0.026985533918952077
8459,380364129,31854766,0.08374808130237749
8460,490185348,27629652,0.05636572393020609
8461,342810116,39654943,0.11567611674563302
8462,1610116744,84393095,0.052414270775386705
8463,423592793,18020883,0.04254294052637482
8464,330389852,62136673,0.18807076737938064
8465,1357985327,302741122,0.22293401554551553
8466,2842606644,187434626,0.06593758809212155
8467,6978689480,2854676970,0.40905631038336443
8468,161775974,47821374,0.2956024483586172
8470,890355625,178144467,0.2000823738267504
8471,140740263910,36392530368,0.2585793813153011
8472,850668435,168833159,0.19847116932227538
8473,31072072044,4092055069,0.1316955967148053
8474,2117597241,203233590,0.09597367528870897
8475,775763282,70448653,0.09081204877134157
8476,216790820,64560904,0.29780275751528595
8477,3713223119,593570644,0.1598532124188253
8478,72090178,1334976,0.018518139877529503
8479,15879264594,1422378342,0.08957457277570949
8480,2609681111,489846679,0.18770365349822238
8481,15957311943,3746640424,0.23479145092751916
8482,3226495365,510206429,0.15813022220163642
8483,10064464210,1244765069,0.12367921858803053
8484,975577125,117192524,0.12012635495117825
8486,15139416052,937218713,0.06190586940611809
8487,950336204,42592945,0.04481881761499218
8501,11920066169,1513182980,0.1269441761938595
8502,2186266738,332997224,0.1523131730507076
8503,4295156737,644106350,0.1499610816181491
8504,28917915053,4136230538,0.14303349776148191
8505,1175078940,483695046,0.41162770392259773
8506,1316717999,379111349,0.28792144505347494
8507,28767650211,14475609165,0.5031905302945078
8508,3155205566,1131726583,0.35868553072906184
8509,3944024105,3217804268,0.8158683066669543
8510,779570432,422166101,0.541536830632386
8511,4527308103,560342635,0.12376949442179372
8512,7621756017,1028440088,0.13493479530256655
8513,817148476,733383215,0.8974907700861943
8514,890423661,106900351,0.12005560463200673
8515,1916159270,256515322,0.13386952014693435
8516,11964429532,6661755337,0.5567967381296789
8517,99058674384,41272086862,0.41664283434693616
8518,10417894596,3021019309,0.28998367003635594
8519,680391637,450425793,0.6620095963936723
8521,694853925,367726122,0.5292135638436525
8522,102287478,28366107,0.2773174933494792
8523,14076391504,415561464,0.029521874543054057
8525,10377950879,2089053335,0.20129728492232923
8526,3838666637,407023410,0.10603249734603094
8527,2968643435,382580885,0.12887397674284853
8528,20910552138,6329703310,0.3027037865010392
8529,4245262706,1146712715,0.27011584309713155
8530,362077157,27030463,0.07465387549980128
8531,3567802400,702475354,0.19689301010616508
8532,2285066656,186479753,0.08160801458913766
8533,1002349955,86411548,0.08620896082147278
8534,2900163022,654226364,0.22558261692090495
8535,1593475654,62062839,0.0389480936493806
8536,15647640878,2461624132,0.1573159910297374
8537,19692939641,1136336340,0.05770272801904029
8538,5402443547,713352258,0.13204251961061722
8539,905985829,249667905,0.27557594943353136
8540,244670507,12620242,0.05158056095416519
8541,17725258202,627114975,0.035379737087792636
8542,33901596833,1904704036,0.05618331329295825
8543,17320875164,5699422594,0.3290493430635524
8544,31741747189,3749389885,0.11812172350422283
8545,338076441,43699189,0.12925830877402072
8546,385467296,116307205,0.30173040931596956
8547,603688827,180941176,0.2997258983559091
8548,593945667,93583739,0.15756279437593743
8601,4474192,56514,0.012631107471471944
8602,10700768,4801,0.00044865938594313977
8603,83210567,119420,0.0014351542635204011
8606,3299852060,155788,4.7210601314048e-05
8607,1068035812,205011689,0.19195207379431956
8608,48399098,10507822,0.21710780643060745
8609,3151267039,2857445997,0.9067609826892871
8701,14136682614,50924384,0.003602286716797899
8702,1300190679,16151787,0.012422629434955363
8703,193332912602,3228795262,0.01670070149228486
8704,42703759113,9656380,0.00022612482368233427
8705,1708032757,7215040,0.004224181281319536
8706,65240494,143945,0.002206375077417409
8707,782451901,8029749,0.01026229087019625
8708,88699003926,10200130034,0.11499712040182308
8709,268420839,20520518,0.07644904947190036
8710,489648295,113494,0.00023178677666997697
8711,4104790086,1547611899,0.37702583239965465
8712,973688547,378190812,0.3884104554430997
8713,434282689,312560529,0.7197167580400609
8714,1633675409,549432702,0.3363169323435657
8715,432301458,410952089,0.9506146264258031
8716,5764722745,1257333045,0.21810815552066937
8801,19811946,20651,0.0010423509129289974
8802,18809614996,332859581,0.01769624636499923
8803,15549586228,481275213,0.03095099804864081
8804,68203418,433851,0.0063611328100887845
8805,487875869,1135863,0.002328180326541217
8901,7469121436,232160481,0.03108270269660133
8902,1529357,61822,0.04042352439620049
8903,3255335280,191310972,0.05876843874588549
8905,1097073400,3011,2.7445747932636046e-06
8906,136185040,1100602,0.008081665945099403
8907,141249493,13061565,0.09247158855288776
9001,3265884506,263320686,0.08062767850982909
9002,1566523025,255139630,0.1628700159067244
9003,1014099653,315176534,0.3107944402383106
9004,2873901552,949640820,0.3304360997818898
9005,394301496,206412582,0.5234892185141494
9006,342732777,164106331,0.4788171485565269
9007,122862276,56035532,0.45608411161128093
9008,70616147,44422986,0.6290768880380857
9010,105068715,58633835,0.5580522708400878
9011,598090294,49394339,0.0825867590487934
9012,616320428,6405329,0.010392855256778865
9013,2851018880,536426784,0.1881526593047325
9014,1602588706,12265505,0.0076535576184199065
9015,1415567736,202433204,0.1430049575529461
9016,116108298,22123289,0.19054011970789547
9017,377079322,136648184,0.3623857794037298
9018,43251145983,2222990992,0.051397273794173075
9019,5635308737,1596899464,0.2833739087825243
9020,261944013,9493427,0.03624219882437244
9021,16393642598,680647292,0.041518978343656095
9022,4494549761,351239972,0.07814797714506826
9023,694891584,140946284,0.20283204926540022
9024,274226124,12428022,0.04532034300276949
9025,1429643121,312121654,0.218321376443709
9026,4018919746,406774136,0.10121479444939381
9027,7934798717,433345896,0.05461334451642398
9028,2037903693,62162371,0.03050309551600582
9029,1559788275,43836766,0.028104305374394484
9030,4902835695,272532971,0.05558680485212548
9031,8615243935,886138990,0.10285709803294153
9032,6702144551,454959429,0.06788266435287751
9033,455234721,70953475,0.1558612990769656
9101,1916542560,770870,0.0004022190876888223
9102,3355513736,135006065,0.04023409695855883
9103,3470158,472411,0.13613529989124415
9104,4739055,546725,0.11536582715330378
9105,205020249,169294542,0.8257454706339763
9106,55866590,30414251,0.54440858122896
9107,111803647,22288141,0.19935075105376482
9108,30619022,234945,0.007673171272420132
9109,6513050,1472055,0.226016228955712
9110,3891508,191322,0.049163974479816054
9111,16141462,2581170,0.15990930685213026
9112,1571194,404993,0.25776129491329525
9113,129450465,45803944,0.3538337540927335
9114,75964817,1520913,0.020021281694129534
9201,95885979,4739583,0.049429364432937585
9202,188689061,119192656,0.6316882142945213
9205,265003576,98645720,0.37224297682684854
9206,126581692,53127321,0.41970778049008856
9207,486267472,213496302,0.4390511689418535
9208,21737322,15452944,0.7108945618968151
9209,249799950,58311173,0.2334314838733955
9301,80444463,0,0.0
9303,786069029,5080364,0.006462999828988301
9304,211510939,56553163,0.2673770125903512
9305,529238423,30317758,0.05728563286872314
9306,1378281127,4415702,0.003203774551866152
9307,26610246,10053914,0.37782115956387624
9401,24326905261,7352763281,0.3022481981211017
9402,1009599028,337107100,0.3339019656821619
9403,27243986601,8253525512,0.3029485233889027
9404,5077005881,3289428575,0.6479071823237859
9405,14115743113,8399301787,0.5950307907817194
9406,1009441689,364822524,0.36141020127810475
9503,13082427975,9322610399,0.7126055206889071
9504,6804543549,4295022567,0.6311992180035646
9505,4820927117,4325676285,0.897270624512534
9506,8699134244,5340238669,0.6138816253678681
9507,768997992,482036566,0.6268372232628665
9508,421371797,13125222,0.031148790909705806
9601,33741390,1495051,0.044309111153986246
9602,335660061,84899943,0.25293430129001854
9603,1968459690,1235698214,0.6277488029231627
9604,1677419,218869,0.13047962375530503
9605,66898911,33243110,0.49691556264645326
9606,32042664,8805473,0.2748046479531165
9607,42174639,10356288,0.24555724116571573
9608,1269355093,482971466,0.38048570385339764
9609,293944958,118945790,0.4046532752570636
9610,179339711,165879370,0.9249450056267794
9611,32380400,10352677,0.31972047905523093
9612,161241043,29623994,0.1837248968924122
9613,237299066,111335952,0.46917989976412294
9614,53316115,38814295,0.7280030624887054
9615,489200196,440818911,0.9011012558956538
9616,237891393,162771633,0.6842266588434328
9617,1882099609,1748651143,0.9290959599790236
9618,70595064,38050401,0.5389952051038582
9619,1943626157,507809211,0.2612689735477768
9701,2922002368,30078608,0.010293834231417023
9702,136977189,441722,0.003224785113673197
9703,791939857,3014592,0.003806592095793456
9704,25559047,0,0.0
9705,584653160,349961,0.0005985788223568312
9706,610868022,27981584,0.045806267462466715
9999,94407354975,20473335407,0.21686165672602037
