division_codigo,division_titulo,INEN,INGS,PROD,share_energy,division_titulo_right,pci,seccion_codigo,seccion_titulo
10,Elaboración de productos alimenticios,860888.6995512694,59536139.06957948,89799711.27993912,1.4459934974035764,Elaboración de productos alimenticios,-1.117458547165197,C,Industrias manufactureras
10,Elaboración de productos alimenticios,860888.6995512694,59536139.06957948,89799711.27993912,1.4459934974035764,Elaboración de productos alimenticios,-1.117458547165197,C,Industrias manufactureras
10,Elaboración de productos alimenticios,860888.6995512694,59536139.06957948,89799711.27993912,1.4459934974035764,Elaboración de productos alimenticios,-1.117458547165197,C,Industrias manufactureras
10,Elaboración de productos alimenticios,860888.6995512694,59536139.06957948,89799711.27993912,1.4459934974035764,Elaboración de productos alimenticios,-1.117458547165197,C,Industrias manufactureras
10,Elaboración de productos alimenticios,860888.6995512694,59536139.06957948,89799711.27993912,1.4459934974035764,Elaboración de productos alimenticios,-1.117458547165197,C,Industrias manufactureras
10,Elaboración de productos alimenticios,860888.6995512694,59536139.06957948,89799711.27993912,1.4459934974035764,Elaboración de productos alimenticios,-1.117458547165197,C,Industrias manufactureras
10,Elaboración de productos alimenticios,860888.6995512694,59536139.06957948,89799711.27993912,1.4459934974035764,Elaboración de productos alimenticios,-1.117458547165197,C,Industrias manufactureras
10,Elaboración de productos alimenticios,860888.6995512694,59536139.06957948,89799711.27993912,1.4459934974035764,Elaboración de productos alimenticios,-1.117458547165197,C,Industrias manufactureras
10,Elaboración de productos alimenticios,860888.6995512694,59536139.06957948,89799711.27993912,1.4459934974035764,Elaboración de productos alimenticios,-1.117458547165197,C,Industrias manufactureras
10,Elaboración de productos alimenticios,860888.6995512694,59536139.06957948,89799711.27993912,1.4459934974035764,Elaboración de productos alimenticios,-1.117458547165197,C,Industrias manufactureras
10,Elaboración de productos alimenticios,860888.6995512694,59536139.06957948,89799711.27993912,1.4459934974035764,Elaboración de productos alimenticios,-1.117458547165197,C,Industrias manufactureras
10,Elaboración de productos alimenticios,860888.6995512694,59536139.06957948,89799711.27993912,1.4459934974035764,Elaboración de productos alimenticios,-1.117458547165197,C,Industrias manufactureras
10,Elaboración de productos alimenticios,860888.6995512694,59536139.06957948,89799711.27993912,1.4459934974035764,Elaboración de productos alimenticios,-1.117458547165197,C,Industrias manufactureras
10,Elaboración de productos alimenticios,860888.6995512694,59536139.06957948,89799711.27993912,1.4459934974035764,Elaboración de productos alimenticios,-1.117458547165197,C,Industrias manufactureras
11,Elaboración de bebidas,140643.5788515061,5891411.925201803,12807950.573094279,2.3872643881829485,Elaboración de bebidas,-1.6625149005897493,C,Industrias manufactureras
11,Elaboración de bebidas,140643.5788515061,5891411.925201803,12807950.573094279,2.3872643881829485,Elaboración de bebidas,-1.6625149005897493,C,Industrias manufactureras
11,Elaboración de bebidas,140643.5788515061,5891411.925201803,12807950.573094279,2.3872643881829485,Elaboración de bebidas,-1.6625149005897493,C,Industrias manufactureras
11,Elaboración de bebidas,140643.5788515061,5891411.925201803,12807950.573094279,2.3872643881829485,Elaboración de bebidas,-1.6625149005897493,C,Industrias manufactureras
12,Elaboración de productos de tabaco,19552.483173243705,1486675.2956650034,4137105.254407838,1.3151818174591852,Elaboración de productos de tabaco,-3.5189969768387517,C,Industrias manufactureras
13,Fabricación de productos textiles,339385.43844273686,12289384.632509328,19364434.28393296,2.761614585200259,Fabricación de productos textiles,-1.2736712979110933,C,Industrias manufactureras
13,Fabricación de productos textiles,339385.43844273686,12289384.632509328,19364434.28393296,2.761614585200259,Fabricación de productos textiles,-1.2736712979110933,C,Industrias manufactureras
13,Fabricación de productos textiles,339385.43844273686,12289384.632509328,19364434.28393296,2.761614585200259,Fabricación de productos textiles,-1.2736712979110933,C,Industrias manufactureras
13,Fabricación de productos textiles,339385.43844273686,12289384.632509328,19364434.28393296,2.761614585200259,Fabricación de productos textiles,-1.2736712979110933,C,Industrias manufactureras
13,Fabricación de productos textiles,339385.43844273686,12289384.632509328,19364434.28393296,2.761614585200259,Fabricación de productos textiles,-1.2736712979110933,C,Industrias manufactureras
13,Fabricación de productos textiles,339385.43844273686,12289384.632509328,19364434.28393296,2.761614585200259,Fabricación de productos textiles,-1.2736712979110933,C,Industrias manufactureras
13,Fabricación de productos textiles,339385.43844273686,12289384.632509328,19364434.28393296,2.761614585200259,Fabricación de productos textiles,-1.2736712979110933,C,Industrias manufactureras
13,Fabricación de productos textiles,339385.43844273686,12289384.632509328,19364434.28393296,2.761614585200259,Fabricación de productos textiles,-1.2736712979110933,C,Industrias manufactureras
14,Fabricación de prendas de vestir,22818.719174325473,8198802.907887176,15580578.864121936,0.27831769382301,Fabricación de prendas de vestir,-3.3476718833887986,C,Industrias manufactureras
14,Fabricación de prendas de vestir,22818.719174325473,8198802.907887176,15580578.864121936,0.27831769382301,Fabricación de prendas de vestir,-3.3476718833887986,C,Industrias manufactureras
14,Fabricación de prendas de vestir,22818.719174325473,8198802.907887176,15580578.864121936,0.27831769382301,Fabricación de prendas de vestir,-3.3476718833887986,C,Industrias manufactureras
15,Fabricación de productos de cuero y productos conexos,20701.50138645619,3033688.2856203318,5106221.889582373,0.6823872276061193,Fabricación de productos de cuero y productos conexos,-2.824296875530014,C,Industrias manufactureras
15,Fabricación de productos de cuero y productos conexos,20701.50138645619,3033688.2856203318,5106221.889582373,0.6823872276061193,Fabricación de productos de cuero y productos conexos,-2.824296875530014,C,Industrias manufactureras
15,Fabricación de productos de cuero y productos conexos,20701.50138645619,3033688.2856203318,5106221.889582373,0.6823872276061193,Fabricación de productos de cuero y productos conexos,-2.824296875530014,C,Industrias manufactureras
16,"Producción de madera y fabricación de productos de madera y corcho, excepto muebles; fabricación de artículos de paja y de materiales trenzables",35737.74918789417,4153417.472567156,6397839.618740469,0.8604420197087794,"Producción de madera y fabricación de productos de madera y corcho, excepto muebles; fabricación de artículos de paja y de materiales trenzables",-1.833907150705317,C,Industrias manufactureras
16,"Producción de madera y fabricación de productos de madera y corcho, excepto muebles; fabricación de artículos de paja y de materiales trenzables",35737.74918789417,4153417.472567156,6397839.618740469,0.8604420197087794,"Producción de madera y fabricación de productos de madera y corcho, excepto muebles; fabricación de artículos de paja y de materiales trenzables",-1.833907150705317,C,Industrias manufactureras
16,"Producción de madera y fabricación de productos de madera y corcho, excepto muebles; fabricación de artículos de paja y de materiales trenzables",35737.74918789417,4153417.472567156,6397839.618740469,0.8604420197087794,"Producción de madera y fabricación de productos de madera y corcho, excepto muebles; fabricación de artículos de paja y de materiales trenzables",-1.833907150705317,C,Industrias manufactureras
16,"Producción de madera y fabricación de productos de madera y corcho, excepto muebles; fabricación de artículos de paja y de materiales trenzables",35737.74918789417,4153417.472567156,6397839.618740469,0.8604420197087794,"Producción de madera y fabricación de productos de madera y corcho, excepto muebles; fabricación de artículos de paja y de materiales trenzables",-1.833907150705317,C,Industrias manufactureras
16,"Producción de madera y fabricación de productos de madera y corcho, excepto muebles; fabricación de artículos de paja y de materiales trenzables",35737.74918789417,4153417.472567156,6397839.618740469,0.8604420197087794,"Producción de madera y fabricación de productos de madera y corcho, excepto muebles; fabricación de artículos de paja y de materiales trenzables",-1.833907150705317,C,Industrias manufactureras
17,Fabricación de papel y de productos de papel,473613.68791359663,16052977.376952171,24462413.347337723,2.9503167966434725,Fabricación de papel y de productos de papel,-0.6998713121562098,C,Industrias manufactureras
17,Fabricación de papel y de productos de papel,473613.68791359663,16052977.376952171,24462413.347337723,2.9503167966434725,Fabricación de papel y de productos de papel,-0.6998713121562098,C,Industrias manufactureras
17,Fabricación de papel y de productos de papel,473613.68791359663,16052977.376952171,24462413.347337723,2.9503167966434725,Fabricación de papel y de productos de papel,-0.6998713121562098,C,Industrias manufactureras
18,Impresión y reproducción de grabaciones,16059.858339056373,2395418.6374863237,4569860.209341019,0.6704405688313871,Impresión y reproducción de grabaciones,-0.48362849045707323,C,Industrias manufactureras
18,Impresión y reproducción de grabaciones,16059.858339056373,2395418.6374863237,4569860.209341019,0.6704405688313871,Impresión y reproducción de grabaciones,-0.48362849045707323,C,Industrias manufactureras
18,Impresión y reproducción de grabaciones,16059.858339056373,2395418.6374863237,4569860.209341019,0.6704405688313871,Impresión y reproducción de grabaciones,-0.48362849045707323,C,Industrias manufactureras
19,Fabricación de coque y productos de la refinación del petróleo,1943073.2345378995,101956050.92956704,126440677.74224645,1.9057949153799683,Fabricación de coque y productos de la refinación del petróleo,-1.675361275457936,C,Industrias manufactureras
19,Fabricación de coque y productos de la refinación del petróleo,1943073.2345378995,101956050.92956704,126440677.74224645,1.9057949153799683,Fabricación de coque y productos de la refinación del petróleo,-1.675361275457936,C,Industrias manufactureras
20,Fabricación de sustancias y productos químicos,4076685.63007994,107026297.40292484,154951716.48256886,3.809050419386489,Fabricación de sustancias y productos químicos,1.3363150817586449,C,Industrias manufactureras
20,Fabricación de sustancias y productos químicos,4076685.63007994,107026297.40292484,154951716.48256886,3.809050419386489,Fabricación de sustancias y productos químicos,1.3363150817586449,C,Industrias manufactureras
20,Fabricación de sustancias y productos químicos,4076685.63007994,107026297.40292484,154951716.48256886,3.809050419386489,Fabricación de sustancias y productos químicos,1.3363150817586449,C,Industrias manufactureras
20,Fabricación de sustancias y productos químicos,4076685.63007994,107026297.40292484,154951716.48256886,3.809050419386489,Fabricación de sustancias y productos químicos,1.3363150817586449,C,Industrias manufactureras
20,Fabricación de sustancias y productos químicos,4076685.63007994,107026297.40292484,154951716.48256886,3.809050419386489,Fabricación de sustancias y productos químicos,1.3363150817586449,C,Industrias manufactureras
20,Fabricación de sustancias y productos químicos,4076685.63007994,107026297.40292484,154951716.48256886,3.809050419386489,Fabricación de sustancias y productos químicos,1.3363150817586449,C,Industrias manufactureras
20,Fabricación de sustancias y productos químicos,4076685.63007994,107026297.40292484,154951716.48256886,3.809050419386489,Fabricación de sustancias y productos químicos,1.3363150817586449,C,Industrias manufactureras
20,Fabricación de sustancias y productos químicos,4076685.63007994,107026297.40292484,154951716.48256886,3.809050419386489,Fabricación de sustancias y productos químicos,1.3363150817586449,C,Industrias manufactureras
21,"Fabricación de productos farmacéuticos, sustancias químicas medicinales y productos botánicos de uso farmacéutico",134473.6089477539,9786276.818710327,23741866.987060547,1.3741038746283427,"Fabricación de productos farmacéuticos, sustancias químicas medicinales y productos botánicos de uso farmacéutico",0.07940281723823878,C,Industrias manufactureras
22,Fabricación de productos de caucho y de plástico,504119.88700923324,45580621.31750059,72269404.03867674,1.1059960843835128,Fabricación de productos de caucho y de plástico,-1.3038801703651852,C,Industrias manufactureras
22,Fabricación de productos de caucho y de plástico,504119.88700923324,45580621.31750059,72269404.03867674,1.1059960843835128,Fabricación de productos de caucho y de plástico,-1.3038801703651852,C,Industrias manufactureras
22,Fabricación de productos de caucho y de plástico,504119.88700923324,45580621.31750059,72269404.03867674,1.1059960843835128,Fabricación de productos de caucho y de plástico,-1.3038801703651852,C,Industrias manufactureras
23,Fabricación de otros productos minerales no metálicos,1096867.8437965587,19955789.325515687,35160512.29036951,5.496489394153363,Fabricación de otros productos minerales no metálicos,-0.6792882383861895,C,Industrias manufactureras
23,Fabricación de otros productos minerales no metálicos,1096867.8437965587,19955789.325515687,35160512.29036951,5.496489394153363,Fabricación de otros productos minerales no metálicos,-0.6792882383861895,C,Industrias manufactureras
23,Fabricación de otros productos minerales no metálicos,1096867.8437965587,19955789.325515687,35160512.29036951,5.496489394153363,Fabricación de otros productos minerales no metálicos,-0.6792882383861895,C,Industrias manufactureras
23,Fabricación de otros productos minerales no metálicos,1096867.8437965587,19955789.325515687,35160512.29036951,5.496489394153363,Fabricación de otros productos minerales no metálicos,-0.6792882383861895,C,Industrias manufactureras
23,Fabricación de otros productos minerales no metálicos,1096867.8437965587,19955789.325515687,35160512.29036951,5.496489394153363,Fabricación de otros productos minerales no metálicos,-0.6792882383861895,C,Industrias manufactureras
23,Fabricación de otros productos minerales no metálicos,1096867.8437965587,19955789.325515687,35160512.29036951,5.496489394153363,Fabricación de otros productos minerales no metálicos,-0.6792882383861895,C,Industrias manufactureras
23,Fabricación de otros productos minerales no metálicos,1096867.8437965587,19955789.325515687,35160512.29036951,5.496489394153363,Fabricación de otros productos minerales no metálicos,-0.6792882383861895,C,Industrias manufactureras
23,Fabricación de otros productos minerales no metálicos,1096867.8437965587,19955789.325515687,35160512.29036951,5.496489394153363,Fabricación de otros productos minerales no metálicos,-0.6792882383861895,C,Industrias manufactureras
24,Fabricación de metales comunes,2401661.7491454184,110828854.571091,141947769.02247465,2.1670004246095282,Fabricación de metales comunes,-0.4043181223489198,C,Industrias manufactureras
24,Fabricación de metales comunes,2401661.7491454184,110828854.571091,141947769.02247465,2.1670004246095282,Fabricación de metales comunes,-0.4043181223489198,C,Industrias manufactureras
24,Fabricación de metales comunes,2401661.7491454184,110828854.571091,141947769.02247465,2.1670004246095282,Fabricación de metales comunes,-0.4043181223489198,C,Industrias manufactureras
24,Fabricación de metales comunes,2401661.7491454184,110828854.571091,141947769.02247465,2.1670004246095282,Fabricación de metales comunes,-0.4043181223489198,C,Industrias manufactureras
25,"Fabricación de productos elaborados de metal, excepto maquinaria y equipo",345981.04224010557,47600197.06808002,78534567.17134437,0.7268479198631622,"Fabricación de productos elaborados de metal, excepto maquinaria y equipo",0.22283415597175937,C,Industrias manufactureras
25,"Fabricación de productos elaborados de metal, excepto maquinaria y equipo",345981.04224010557,47600197.06808002,78534567.17134437,0.7268479198631622,"Fabricación de productos elaborados de metal, excepto maquinaria y equipo",0.22283415597175937,C,Industrias manufactureras
25,"Fabricación de productos elaborados de metal, excepto maquinaria y equipo",345981.04224010557,47600197.06808002,78534567.17134437,0.7268479198631622,"Fabricación de productos elaborados de metal, excepto maquinaria y equipo",0.22283415597175937,C,Industrias manufactureras
25,"Fabricación de productos elaborados de metal, excepto maquinaria y equipo",345981.04224010557,47600197.06808002,78534567.17134437,0.7268479198631622,"Fabricación de productos elaborados de metal, excepto maquinaria y equipo",0.22283415597175937,C,Industrias manufactureras
25,"Fabricación de productos elaborados de metal, excepto maquinaria y equipo",345981.04224010557,47600197.06808002,78534567.17134437,0.7268479198631622,"Fabricación de productos elaborados de metal, excepto maquinaria y equipo",0.22283415597175937,C,Industrias manufactureras
25,"Fabricación de productos elaborados de metal, excepto maquinaria y equipo",345981.04224010557,47600197.06808002,78534567.17134437,0.7268479198631622,"Fabricación de productos elaborados de metal, excepto maquinaria y equipo",0.22283415597175937,C,Industrias manufactureras
25,"Fabricación de productos elaborados de metal, excepto maquinaria y equipo",345981.04224010557,47600197.06808002,78534567.17134437,0.7268479198631622,"Fabricación de productos elaborados de metal, excepto maquinaria y equipo",0.22283415597175937,C,Industrias manufactureras
25,"Fabricación de productos elaborados de metal, excepto maquinaria y equipo",345981.04224010557,47600197.06808002,78534567.17134437,0.7268479198631622,"Fabricación de productos elaborados de metal, excepto maquinaria y equipo",0.22283415597175937,C,Industrias manufactureras
26,"Fabricación de productos de informática, de electrónica y de óptica",2349371.851789728,141527268.75575298,287772805.41229725,1.6600135595383116,"Fabricación de productos de informática, de electrónica y de óptica",2.6768586994379477,C,Industrias manufactureras
26,"Fabricación de productos de informática, de electrónica y de óptica",2349371.851789728,141527268.75575298,287772805.41229725,1.6600135595383116,"Fabricación de productos de informática, de electrónica y de óptica",2.6768586994379477,C,Industrias manufactureras
26,"Fabricación de productos de informática, de electrónica y de óptica",2349371.851789728,141527268.75575298,287772805.41229725,1.6600135595383116,"Fabricación de productos de informática, de electrónica y de óptica",2.6768586994379477,C,Industrias manufactureras
26,"Fabricación de productos de informática, de electrónica y de óptica",2349371.851789728,141527268.75575298,287772805.41229725,1.6600135595383116,"Fabricación de productos de informática, de electrónica y de óptica",2.6768586994379477,C,Industrias manufactureras
26,"Fabricación de productos de informática, de electrónica y de óptica",2349371.851789728,141527268.75575298,287772805.41229725,1.6600135595383116,"Fabricación de productos de informática, de electrónica y de óptica",2.6768586994379477,C,Industrias manufactureras
26,"Fabricación de productos de informática, de electrónica y de óptica",2349371.851789728,141527268.75575298,287772805.41229725,1.6600135595383116,"Fabricación de productos de informática, de electrónica y de óptica",2.6768586994379477,C,Industrias manufactureras
26,"Fabricación de productos de informática, de electrónica y de óptica",2349371.851789728,141527268.75575298,287772805.41229725,1.6600135595383116,"Fabricación de productos de informática, de electrónica y de óptica",2.6768586994379477,C,Industrias manufactureras
26,"Fabricación de productos de informática, de electrónica y de óptica",2349371.851789728,141527268.75575298,287772805.41229725,1.6600135595383116,"Fabricación de productos de informática, de electrónica y de óptica",2.6768586994379477,C,Industrias manufactureras
26,"Fabricación de productos de informática, de electrónica y de óptica",2349371.851789728,141527268.75575298,287772805.41229725,1.6600135595383116,"Fabricación de productos de informática, de electrónica y de óptica",2.6768586994379477,C,Industrias manufactureras
27,Fabricación de equipo eléctrico,178869.55950446427,61592860.131792724,91565653.33445084,0.2904063216446352,Fabricación de equipo eléctrico,0.40370046848170277,C,Industrias manufactureras
27,Fabricación de equipo eléctrico,178869.55950446427,61592860.131792724,91565653.33445084,0.2904063216446352,Fabricación de equipo eléctrico,0.40370046848170277,C,Industrias manufactureras
27,Fabricación de equipo eléctrico,178869.55950446427,61592860.131792724,91565653.33445084,0.2904063216446352,Fabricación de equipo eléctrico,0.40370046848170277,C,Industrias manufactureras
27,Fabricación de equipo eléctrico,178869.55950446427,61592860.131792724,91565653.33445084,0.2904063216446352,Fabricación de equipo eléctrico,0.40370046848170277,C,Industrias manufactureras
27,Fabricación de equipo eléctrico,178869.55950446427,61592860.131792724,91565653.33445084,0.2904063216446352,Fabricación de equipo eléctrico,0.40370046848170277,C,Industrias manufactureras
27,Fabricación de equipo eléctrico,178869.55950446427,61592860.131792724,91565653.33445084,0.2904063216446352,Fabricación de equipo eléctrico,0.40370046848170277,C,Industrias manufactureras
27,Fabricación de equipo eléctrico,178869.55950446427,61592860.131792724,91565653.33445084,0.2904063216446352,Fabricación de equipo eléctrico,0.40370046848170277,C,Industrias manufactureras
27,Fabricación de equipo eléctrico,178869.55950446427,61592860.131792724,91565653.33445084,0.2904063216446352,Fabricación de equipo eléctrico,0.40370046848170277,C,Industrias manufactureras
28,Fabricación de maquinaria y equipo n.c.p.,219774.36844236404,76831467.42503437,122432811.37378398,0.28604733946647737,Fabricación de maquinaria y equipo n.c.p.,3.5925407867767363,C,Industrias manufactureras
28,Fabricación de maquinaria y equipo n.c.p.,219774.36844236404,76831467.42503437,122432811.37378398,0.28604733946647737,Fabricación de maquinaria y equipo n.c.p.,3.5925407867767363,C,Industrias manufactureras
28,Fabricación de maquinaria y equipo n.c.p.,219774.36844236404,76831467.42503437,122432811.37378398,0.28604733946647737,Fabricación de maquinaria y equipo n.c.p.,3.5925407867767363,C,Industrias manufactureras
28,Fabricación de maquinaria y equipo n.c.p.,219774.36844236404,76831467.42503437,122432811.37378398,0.28604733946647737,Fabricación de maquinaria y equipo n.c.p.,3.5925407867767363,C,Industrias manufactureras
28,Fabricación de maquinaria y equipo n.c.p.,219774.36844236404,76831467.42503437,122432811.37378398,0.28604733946647737,Fabricación de maquinaria y equipo n.c.p.,3.5925407867767363,C,Industrias manufactureras
28,Fabricación de maquinaria y equipo n.c.p.,219774.36844236404,76831467.42503437,122432811.37378398,0.28604733946647737,Fabricación de maquinaria y equipo n.c.p.,3.5925407867767363,C,Industrias manufactureras
28,Fabricación de maquinaria y equipo n.c.p.,219774.36844236404,76831467.42503437,122432811.37378398,0.28604733946647737,Fabricación de maquinaria y equipo n.c.p.,3.5925407867767363,C,Industrias manufactureras
28,Fabricación de maquinaria y equipo n.c.p.,219774.36844236404,76831467.42503437,122432811.37378398,0.28604733946647737,Fabricación de maquinaria y equipo n.c.p.,3.5925407867767363,C,Industrias manufactureras
28,Fabricación de maquinaria y equipo n.c.p.,219774.36844236404,76831467.42503437,122432811.37378398,0.28604733946647737,Fabricación de maquinaria y equipo n.c.p.,3.5925407867767363,C,Industrias manufactureras
28,Fabricación de maquinaria y equipo n.c.p.,219774.36844236404,76831467.42503437,122432811.37378398,0.28604733946647737,Fabricación de maquinaria y equipo n.c.p.,3.5925407867767363,C,Industrias manufactureras
28,Fabricación de maquinaria y equipo n.c.p.,219774.36844236404,76831467.42503437,122432811.37378398,0.28604733946647737,Fabricación de maquinaria y equipo n.c.p.,3.5925407867767363,C,Industrias manufactureras
28,Fabricación de maquinaria y equipo n.c.p.,219774.36844236404,76831467.42503437,122432811.37378398,0.28604733946647737,Fabricación de maquinaria y equipo n.c.p.,3.5925407867767363,C,Industrias manufactureras
28,Fabricación de maquinaria y equipo n.c.p.,219774.36844236404,76831467.42503437,122432811.37378398,0.28604733946647737,Fabricación de maquinaria y equipo n.c.p.,3.5925407867767363,C,Industrias manufactureras
28,Fabricación de maquinaria y equipo n.c.p.,219774.36844236404,76831467.42503437,122432811.37378398,0.28604733946647737,Fabricación de maquinaria y equipo n.c.p.,3.5925407867767363,C,Industrias manufactureras
28,Fabricación de maquinaria y equipo n.c.p.,219774.36844236404,76831467.42503437,122432811.37378398,0.28604733946647737,Fabricación de maquinaria y equipo n.c.p.,3.5925407867767363,C,Industrias manufactureras
28,Fabricación de maquinaria y equipo n.c.p.,219774.36844236404,76831467.42503437,122432811.37378398,0.28604733946647737,Fabricación de maquinaria y equipo n.c.p.,3.5925407867767363,C,Industrias manufactureras
29,"Fabricación de vehículos automotores, remolques y semirremolques",484026.6655569151,147242748.8562088,202337700.09608173,0.32872699628121965,"Fabricación de vehículos automotores, remolques y semirremolques",2.534324868119938,C,Industrias manufactureras
29,"Fabricación de vehículos automotores, remolques y semirremolques",484026.6655569151,147242748.8562088,202337700.09608173,0.32872699628121965,"Fabricación de vehículos automotores, remolques y semirremolques",2.534324868119938,C,Industrias manufactureras
29,"Fabricación de vehículos automotores, remolques y semirremolques",484026.6655569151,147242748.8562088,202337700.09608173,0.32872699628121965,"Fabricación de vehículos automotores, remolques y semirremolques",2.534324868119938,C,Industrias manufactureras
30,Fabricación de otro equipo de transporte,64092.70318053663,31828947.63417211,48734551.594182365,0.20136607693471334,Fabricación de otro equipo de transporte,0.9059304338383287,C,Industrias manufactureras
30,Fabricación de otro equipo de transporte,64092.70318053663,31828947.63417211,48734551.594182365,0.20136607693471334,Fabricación de otro equipo de transporte,0.9059304338383287,C,Industrias manufactureras
30,Fabricación de otro equipo de transporte,64092.70318053663,31828947.63417211,48734551.594182365,0.20136607693471334,Fabricación de otro equipo de transporte,0.9059304338383287,C,Industrias manufactureras
30,Fabricación de otro equipo de transporte,64092.70318053663,31828947.63417211,48734551.594182365,0.20136607693471334,Fabricación de otro equipo de transporte,0.9059304338383287,C,Industrias manufactureras
30,Fabricación de otro equipo de transporte,64092.70318053663,31828947.63417211,48734551.594182365,0.20136607693471334,Fabricación de otro equipo de transporte,0.9059304338383287,C,Industrias manufactureras
30,Fabricación de otro equipo de transporte,64092.70318053663,31828947.63417211,48734551.594182365,0.20136607693471334,Fabricación de otro equipo de transporte,0.9059304338383287,C,Industrias manufactureras
30,Fabricación de otro equipo de transporte,64092.70318053663,31828947.63417211,48734551.594182365,0.20136607693471334,Fabricación de otro equipo de transporte,0.9059304338383287,C,Industrias manufactureras
30,Fabricación de otro equipo de transporte,64092.70318053663,31828947.63417211,48734551.594182365,0.20136607693471334,Fabricación de otro equipo de transporte,0.9059304338383287,C,Industrias manufactureras
31,Fabricación de muebles,43822.992366075516,10028620.082118988,14973970.728012085,0.436979285357632,Fabricación de muebles,-3.651289674227416,C,Industrias manufactureras
32,Otras industrias manufactureras,19836.331659138203,5505396.06893377,10801685.146613933,0.3603070771069865,Otras industrias manufactureras,0.3129038239356308,C,Industrias manufactureras
32,Otras industrias manufactureras,19836.331659138203,5505396.06893377,10801685.146613933,0.3603070771069865,Otras industrias manufactureras,0.3129038239356308,C,Industrias manufactureras
32,Otras industrias manufactureras,19836.331659138203,5505396.06893377,10801685.146613933,0.3603070771069865,Otras industrias manufactureras,0.3129038239356308,C,Industrias manufactureras
32,Otras industrias manufactureras,19836.331659138203,5505396.06893377,10801685.146613933,0.3603070771069865,Otras industrias manufactureras,0.3129038239356308,C,Industrias manufactureras
32,Otras industrias manufactureras,19836.331659138203,5505396.06893377,10801685.146613933,0.3603070771069865,Otras industrias manufactureras,0.3129038239356308,C,Industrias manufactureras
32,Otras industrias manufactureras,19836.331659138203,5505396.06893377,10801685.146613933,0.3603070771069865,Otras industrias manufactureras,0.3129038239356308,C,Industrias manufactureras
32,Otras industrias manufactureras,19836.331659138203,5505396.06893377,10801685.146613933,0.3603070771069865,Otras industrias manufactureras,0.3129038239356308,C,Industrias manufactureras
