"ciiu2","ciiu4","weight"
"311","1075",0.189189189189189
"311","1030",0.135135135135135
"311","1071",0.135135135135135
"311","1079",0.108108108108108
"311","3530",0.108108108108108
"311","1010",0.0540540540540541
"311","1020",0.0540540540540541
"311","1062",0.0540540540540541
"311","1040",0.027027027027027
"311","1050",0.027027027027027
"311","1061",0.027027027027027
"311","1072",0.027027027027027
"311","1073",0.027027027027027
"311","1074",0.027027027027027
"313","1101",0.2
"313","1102",0.2
"313","1103",0.2
"313","1104",0.2
"313","2011",0.2
"314","1200",1
"321","3319",0.072463768115942
"321","1313",0.0434782608695652
"321","3290",0.0434782608695652
"321","1392",0.0289855072463768
"321","1399",0.0289855072463768
"321","1629",0.0289855072463768
"321","1709",0.0289855072463768
"321","2220",0.0289855072463768
"321","3250",0.0289855072463768
"321","3313",0.0289855072463768
"321","8020",0.0289855072463768
"321","9512",0.0289855072463768
"321","9521",0.0289855072463768
"321","9522",0.0289855072463768
"321","9523",0.0289855072463768
"321","9524",0.0289855072463768
"321","9529",0.0289855072463768
"321","0161",0.0144927536231884
"321","0162",0.0144927536231884
"321","0163",0.0144927536231884
"321","0164",0.0144927536231884
"321","1311",0.0144927536231884
"321","1312",0.0144927536231884
"321","1391",0.0144927536231884
"321","1393",0.0144927536231884
"321","1394",0.0144927536231884
"321","1410",0.0144927536231884
"321","1420",0.0144927536231884
"321","1430",0.0144927536231884
"321","1511",0.0144927536231884
"321","1512",0.0144927536231884
"321","2029",0.0144927536231884
"321","2030",0.0144927536231884
"321","2219",0.0144927536231884
"321","2310",0.0144927536231884
"321","2599",0.0144927536231884
"321","2610",0.0144927536231884
"321","2733",0.0144927536231884
"321","2829",0.0144927536231884
"321","3092",0.0144927536231884
"321","3212",0.0144927536231884
"321","3312",0.0144927536231884
"321","3314",0.0144927536231884
"321","3830",0.0144927536231884
"321","8130",0.0144927536231884
"321","8541",0.0144927536231884
"321","9609",0.0144927536231884
"322","1313",0.2
"322","1410",0.2
"322","1420",0.2
"322","1511",0.2
"322","3290",0.2
"323","1511",0.125
"323","1399",0.0625
"323","1420",0.0625
"323","1512",0.0625
"323","1629",0.0625
"323","1709",0.0625
"323","2029",0.0625
"323","2219",0.0625
"323","2220",0.0625
"323","2599",0.0625
"323","2829",0.0625
"323","3092",0.0625
"323","3212",0.0625
"323","3290",0.0625
"323","3312",0.0625
"324","1512",0.1
"324","1520",0.1
"324","1629",0.1
"324","2219",0.1
"324","2220",0.1
"324","2599",0.1
"324","2817",0.1
"324","3230",0.1
"324","3290",0.1
"324","3311",0.1
"331","3319",0.115384615384615
"331","1610",0.0769230769230769
"331","1623",0.0769230769230769
"331","1629",0.0769230769230769
"331","3290",0.0769230769230769
"331","1399",0.0384615384615385
"331","1512",0.0384615384615385
"331","1520",0.0384615384615385
"331","1621",0.0384615384615385
"331","1622",0.0384615384615385
"331","1709",0.0384615384615385
"331","2029",0.0384615384615385
"331","2219",0.0384615384615385
"331","2220",0.0384615384615385
"331","2599",0.0384615384615385
"331","2829",0.0384615384615385
"331","3092",0.0384615384615385
"331","3212",0.0384615384615385
"331","3230",0.0384615384615385
"331","3312",0.0384615384615385
"332","1392",0.0434782608695652
"332","1399",0.0434782608695652
"332","1512",0.0434782608695652
"332","1629",0.0434782608695652
"332","1709",0.0434782608695652
"332","2029",0.0434782608695652
"332","2219",0.0434782608695652
"332","2220",0.0434782608695652
"332","2599",0.0434782608695652
"332","2817",0.0434782608695652
"332","2829",0.0434782608695652
"332","2930",0.0434782608695652
"332","3011",0.0434782608695652
"332","3020",0.0434782608695652
"332","3030",0.0434782608695652
"332","3092",0.0434782608695652
"332","3100",0.0434782608695652
"332","3212",0.0434782608695652
"332","3250",0.0434782608695652
"332","3290",0.0434782608695652
"332","3312",0.0434782608695652
"332","3319",0.0434782608695652
"332","9524",0.0434782608695652
"341","1701",0.0833333333333333
"341","1702",0.0833333333333333
"341","1709",0.0833333333333333
"341","1811",0.0833333333333333
"341","2220",0.0833333333333333
"341","3290",0.0833333333333333
"341","1312",0.0416666666666667
"341","1512",0.0416666666666667
"341","1520",0.0416666666666667
"341","1621",0.0416666666666667
"341","1629",0.0416666666666667
"341","2219",0.0416666666666667
"341","2399",0.0416666666666667
"341","2599",0.0416666666666667
"341","2817",0.0416666666666667
"341","3230",0.0416666666666667
"341","3311",0.0416666666666667
"341","3319",0.0416666666666667
"342","1709",0.1
"342","1811",0.1
"342","1812",0.1
"342","2220",0.1
"342","3290",0.1
"342","5811",0.1
"342","5812",0.1
"342","5813",0.1
"342","5819",0.1
"342","5920",0.1
"351","2012",0.0769230769230769
"351","2610",0.0769230769230769
"351","3821",0.0769230769230769
"351","1079",0.0384615384615385
"351","1910",0.0384615384615385
"351","2011",0.0384615384615385
"351","2013",0.0384615384615385
"351","2021",0.0384615384615385
"351","2029",0.0384615384615385
"351","2030",0.0384615384615385
"351","2100",0.0384615384615385
"351","2219",0.0384615384615385
"351","2220",0.0384615384615385
"351","2420",0.0384615384615385
"351","2680",0.0384615384615385
"351","2733",0.0384615384615385
"351","2812",0.0384615384615385
"351","2817",0.0384615384615385
"351","3290",0.0384615384615385
"351","3314",0.0384615384615385
"351","3319",0.0384615384615385
"351","3812",0.0384615384615385
"351","3822",0.0384615384615385
"352","2022",0.0714285714285714
"352","2023",0.0714285714285714
"352","1079",0.0357142857142857
"352","1399",0.0357142857142857
"352","1512",0.0357142857142857
"352","1629",0.0357142857142857
"352","1709",0.0357142857142857
"352","2011",0.0357142857142857
"352","2029",0.0357142857142857
"352","2100",0.0357142857142857
"352","2219",0.0357142857142857
"352","2220",0.0357142857142857
"352","2520",0.0357142857142857
"352","2599",0.0357142857142857
"352","2610",0.0357142857142857
"352","2680",0.0357142857142857
"352","2817",0.0357142857142857
"352","2829",0.0357142857142857
"352","3030",0.0357142857142857
"352","3040",0.0357142857142857
"352","3092",0.0357142857142857
"352","3212",0.0357142857142857
"352","3250",0.0357142857142857
"352","3290",0.0357142857142857
"352","3311",0.0357142857142857
"352","3312",0.0357142857142857
"353","1920",1
"354","0510",0.0476190476190476
"354","0520",0.0476190476190476
"354","0990",0.0476190476190476
"354","1312",0.0476190476190476
"354","1399",0.0476190476190476
"354","1512",0.0476190476190476
"354","1629",0.0476190476190476
"354","1709",0.0476190476190476
"354","1910",0.0476190476190476
"354","1920",0.0476190476190476
"354","2029",0.0476190476190476
"354","2219",0.0476190476190476
"354","2220",0.0476190476190476
"354","2399",0.0476190476190476
"354","2599",0.0476190476190476
"354","2829",0.0476190476190476
"354","3092",0.0476190476190476
"354","3212",0.0476190476190476
"354","3290",0.0476190476190476
"354","3312",0.0476190476190476
"354","3319",0.0476190476190476
"355","2219",0.0555555555555556
"355","2220",0.0555555555555556
"355","2812",0.0555555555555556
"355","3290",0.0555555555555556
"355","3319",0.0555555555555556
"355","1079",0.0277777777777778
"355","1512",0.0277777777777778
"355","1520",0.0277777777777778
"355","1629",0.0277777777777778
"355","2011",0.0277777777777778
"355","2029",0.0277777777777778
"355","2211",0.0277777777777778
"355","2593",0.0277777777777778
"355","2610",0.0277777777777778
"355","2640",0.0277777777777778
"355","2680",0.0277777777777778
"355","2720",0.0277777777777778
"355","2790",0.0277777777777778
"355","2817",0.0277777777777778
"355","2826",0.0277777777777778
"355","2829",0.0277777777777778
"355","3011",0.0277777777777778
"355","3012",0.0277777777777778
"355","3230",0.0277777777777778
"355","3240",0.0277777777777778
"355","3311",0.0277777777777778
"355","3312",0.0277777777777778
"355","3314",0.0277777777777778
"355","3315",0.0277777777777778
"355","3320",0.0277777777777778
"355","3830",0.0277777777777778
"356","1079",0.0303030303030303
"356","1392",0.0303030303030303
"356","1399",0.0303030303030303
"356","1512",0.0303030303030303
"356","1520",0.0303030303030303
"356","1629",0.0303030303030303
"356","1709",0.0303030303030303
"356","2011",0.0303030303030303
"356","2029",0.0303030303030303
"356","2219",0.0303030303030303
"356","2220",0.0303030303030303
"356","2599",0.0303030303030303
"356","2610",0.0303030303030303
"356","2680",0.0303030303030303
"356","2720",0.0303030303030303
"356","2733",0.0303030303030303
"356","2811",0.0303030303030303
"356","2817",0.0303030303030303
"356","2829",0.0303030303030303
"356","2930",0.0303030303030303
"356","3011",0.0303030303030303
"356","3020",0.0303030303030303
"356","3030",0.0303030303030303
"356","3092",0.0303030303030303
"356","3100",0.0303030303030303
"356","3212",0.0303030303030303
"356","3230",0.0303030303030303
"356","3290",0.0303030303030303
"356","3312",0.0303030303030303
"356","3314",0.0303030303030303
"356","3319",0.0303030303030303
"356","3830",0.0303030303030303
"356","9524",0.0303030303030303
"361","2392",0.5
"361","2393",0.5
"362","2310",0.0588235294117647
"362","2599",0.0588235294117647
"362","2630",0.0588235294117647
"362","2651",0.0588235294117647
"362","2670",0.0588235294117647
"362","2731",0.0588235294117647
"362","2733",0.0588235294117647
"362","2740",0.0588235294117647
"362","2790",0.0588235294117647
"362","2822",0.0588235294117647
"362","2829",0.0588235294117647
"362","2930",0.0588235294117647
"362","3020",0.0588235294117647
"362","3250",0.0588235294117647
"362","3313",0.0588235294117647
"362","3314",0.0588235294117647
"362","3319",0.0588235294117647
"369","2391",0.0476190476190476
"369","0892",0.0238095238095238
"369","0990",0.0238095238095238
"369","1312",0.0238095238095238
"369","1399",0.0238095238095238
"369","1512",0.0238095238095238
"369","1629",0.0238095238095238
"369","1709",0.0238095238095238
"369","2029",0.0238095238095238
"369","2219",0.0238095238095238
"369","2220",0.0238095238095238
"369","2310",0.0238095238095238
"369","2392",0.0238095238095238
"369","2394",0.0238095238095238
"369","2395",0.0238095238095238
"369","2396",0.0238095238095238
"369","2399",0.0238095238095238
"369","2420",0.0238095238095238
"369","2599",0.0238095238095238
"369","2630",0.0238095238095238
"369","2651",0.0238095238095238
"369","2733",0.0238095238095238
"369","2740",0.0238095238095238
"369","2790",0.0238095238095238
"369","2822",0.0238095238095238
"369","2829",0.0238095238095238
"369","2930",0.0238095238095238
"369","3020",0.0238095238095238
"369","3092",0.0238095238095238
"369","3212",0.0238095238095238
"369","3290",0.0238095238095238
"369","3312",0.0238095238095238
"369","3313",0.0238095238095238
"369","3314",0.0238095238095238
"369","3319",0.0238095238095238
"369","4741",0.0238095238095238
"369","4753",0.0238095238095238
"369","4761",0.0238095238095238
"369","4763",0.0238095238095238
"369","4764",0.0238095238095238
"369","4773",0.0238095238095238
"371","0162",0.0555555555555556
"371","1811",0.0555555555555556
"371","2410",0.0555555555555556
"371","2431",0.0555555555555556
"371","2591",0.0555555555555556
"371","2592",0.0555555555555556
"371","3020",0.0555555555555556
"371","3311",0.0555555555555556
"371","3313",0.0555555555555556
"371","3315",0.0555555555555556
"371","3830",0.0555555555555556
"371","8020",0.0555555555555556
"371","9512",0.0555555555555556
"371","9521",0.0555555555555556
"371","9522",0.0555555555555556
"371","9523",0.0555555555555556
"371","9524",0.0555555555555556
"371","9529",0.0555555555555556
"372","0162",0.0625
"372","1811",0.0625
"372","2420",0.0625
"372","2432",0.0625
"372","2591",0.0625
"372","2592",0.0625
"372","3311",0.0625
"372","3313",0.0625
"372","3830",0.0625
"372","8020",0.0625
"372","9512",0.0625
"372","9521",0.0625
"372","9522",0.0625
"372","9523",0.0625
"372","9524",0.0625
"372","9529",0.0625
"381","2599",0.036036036036036
"381","2817",0.036036036036036
"381","3290",0.036036036036036
"381","3311",0.036036036036036
"381","3320",0.036036036036036
"381","2219",0.027027027027027
"381","2220",0.027027027027027
"381","2819",0.027027027027027
"381","3250",0.027027027027027
"381","3313",0.027027027027027
"381","1399",0.018018018018018
"381","1512",0.018018018018018
"381","1629",0.018018018018018
"381","1709",0.018018018018018
"381","2029",0.018018018018018
"381","2512",0.018018018018018
"381","2591",0.018018018018018
"381","2593",0.018018018018018
"381","2651",0.018018018018018
"381","2740",0.018018018018018
"381","2750",0.018018018018018
"381","2790",0.018018018018018
"381","2815",0.018018018018018
"381","2821",0.018018018018018
"381","2829",0.018018018018018
"381","2930",0.018018018018018
"381","3011",0.018018018018018
"381","3020",0.018018018018018
"381","3092",0.018018018018018
"381","3212",0.018018018018018
"381","3312",0.018018018018018
"381","3314",0.018018018018018
"381","3319",0.018018018018018
"381","9524",0.018018018018018
"381","0162",0.00900900900900901
"381","1811",0.00900900900900901
"381","2410",0.00900900900900901
"381","2420",0.00900900900900901
"381","2431",0.00900900900900901
"381","2511",0.00900900900900901
"381","2513",0.00900900900900901
"381","2592",0.00900900900900901
"381","2630",0.00900900900900901
"381","2660",0.00900900900900901
"381","2670",0.00900900900900901
"381","2733",0.00900900900900901
"381","2811",0.00900900900900901
"381","2812",0.00900900900900901
"381","2813",0.00900900900900901
"381","2816",0.00900900900900901
"381","2822",0.00900900900900901
"381","2826",0.00900900900900901
"381","2920",0.00900900900900901
"381","3030",0.00900900900900901
"381","3100",0.00900900900900901
"381","3315",0.00900900900900901
"381","8020",0.00900900900900901
"381","9512",0.00900900900900901
"381","9521",0.00900900900900901
"381","9522",0.00900900900900901
"381","9523",0.00900900900900901
"381","9529",0.00900900900900901
"382","3312",0.0454545454545455
"382","3320",0.0454545454545455
"382","2819",0.0378787878787879
"382","2790",0.0303030303030303
"382","2811",0.0303030303030303
"382","2818",0.0303030303030303
"382","2822",0.0303030303030303
"382","3250",0.0303030303030303
"382","3314",0.0303030303030303
"382","2593",0.0227272727272727
"382","2651",0.0227272727272727
"382","2812",0.0227272727272727
"382","2813",0.0227272727272727
"382","2816",0.0227272727272727
"382","2826",0.0227272727272727
"382","2829",0.0227272727272727
"382","3311",0.0227272727272727
"382","3313",0.0227272727272727
"382","2599",0.0151515151515152
"382","2630",0.0151515151515152
"382","2733",0.0151515151515152
"382","2740",0.0151515151515152
"382","2815",0.0151515151515152
"382","2817",0.0151515151515152
"382","2823",0.0151515151515152
"382","2824",0.0151515151515152
"382","2825",0.0151515151515152
"382","2930",0.0151515151515152
"382","3020",0.0151515151515152
"382","3315",0.0151515151515152
"382","3319",0.0151515151515152
"382","0162",0.00757575757575758
"382","1399",0.00757575757575758
"382","1512",0.00757575757575758
"382","1629",0.00757575757575758
"382","1709",0.00757575757575758
"382","1811",0.00757575757575758
"382","2029",0.00757575757575758
"382","2219",0.00757575757575758
"382","2220",0.00757575757575758
"382","2513",0.00757575757575758
"382","2520",0.00757575757575758
"382","2592",0.00757575757575758
"382","2610",0.00757575757575758
"382","2620",0.00757575757575758
"382","2640",0.00757575757575758
"382","2660",0.00757575757575758
"382","2670",0.00757575757575758
"382","2750",0.00757575757575758
"382","2814",0.00757575757575758
"382","2821",0.00757575757575758
"382","2920",0.00757575757575758
"382","3011",0.00757575757575758
"382","3030",0.00757575757575758
"382","3040",0.00757575757575758
"382","3092",0.00757575757575758
"382","3099",0.00757575757575758
"382","3100",0.00757575757575758
"382","3212",0.00757575757575758
"382","3240",0.00757575757575758
"382","3290",0.00757575757575758
"382","8020",0.00757575757575758
"382","9511",0.00757575757575758
"382","9512",0.00757575757575758
"382","9521",0.00757575757575758
"382","9522",0.00757575757575758
"382","9523",0.00757575757575758
"382","9524",0.00757575757575758
"382","9529",0.00757575757575758
"383","2599",0.0434782608695652
"383","2610",0.0434782608695652
"383","2630",0.0434782608695652
"383","2651",0.0434782608695652
"383","2710",0.0434782608695652
"383","2733",0.0434782608695652
"383","2740",0.0434782608695652
"383","2790",0.0434782608695652
"383","2819",0.0434782608695652
"383","2822",0.0434782608695652
"383","2930",0.0434782608695652
"383","3020",0.0434782608695652
"383","3313",0.0434782608695652
"383","3314",0.0434782608695652
"383","2811",0.0289855072463768
"383","3312",0.0289855072463768
"383","3315",0.0289855072463768
"383","3320",0.0289855072463768
"383","1820",0.0144927536231884
"383","2640",0.0144927536231884
"383","2660",0.0144927536231884
"383","2670",0.0144927536231884
"383","2720",0.0144927536231884
"383","2731",0.0144927536231884
"383","2732",0.0144927536231884
"383","2750",0.0144927536231884
"383","2815",0.0144927536231884
"383","2817",0.0144927536231884
"383","2818",0.0144927536231884
"383","2829",0.0144927536231884
"383","3030",0.0144927536231884
"383","3250",0.0144927536231884
"383","3290",0.0144927536231884
"383","3319",0.0144927536231884
"383","5920",0.0144927536231884
"383","9512",0.0144927536231884
"383","9521",0.0144927536231884
"384","2811",0.0655737704918033
"384","3312",0.0655737704918033
"384","3315",0.0655737704918033
"384","2829",0.0491803278688525
"384","3092",0.0491803278688525
"384","2599",0.0327868852459016
"384","2816",0.0327868852459016
"384","2910",0.0327868852459016
"384","3011",0.0327868852459016
"384","3020",0.0327868852459016
"384","3320",0.0327868852459016
"384","1392",0.0163934426229508
"384","1399",0.0163934426229508
"384","1512",0.0163934426229508
"384","1629",0.0163934426229508
"384","1709",0.0163934426229508
"384","2029",0.0163934426229508
"384","2219",0.0163934426229508
"384","2220",0.0163934426229508
"384","2630",0.0163934426229508
"384","2640",0.0163934426229508
"384","2651",0.0163934426229508
"384","2733",0.0163934426229508
"384","2740",0.0163934426229508
"384","2790",0.0163934426229508
"384","2812",0.0163934426229508
"384","2813",0.0163934426229508
"384","2822",0.0163934426229508
"384","2920",0.0163934426229508
"384","2930",0.0163934426229508
"384","3012",0.0163934426229508
"384","3030",0.0163934426229508
"384","3091",0.0163934426229508
"384","3099",0.0163934426229508
"384","3100",0.0163934426229508
"384","3212",0.0163934426229508
"384","3240",0.0163934426229508
"384","3290",0.0163934426229508
"384","3311",0.0163934426229508
"384","3313",0.0163934426229508
"384","3314",0.0163934426229508
"384","3319",0.0163934426229508
"385","3319",0.0612244897959184
"385","2651",0.0408163265306122
"385","2660",0.0408163265306122
"385","2670",0.0408163265306122
"385","2819",0.0408163265306122
"385","2829",0.0408163265306122
"385","3250",0.0408163265306122
"385","3290",0.0408163265306122
"385","3313",0.0408163265306122
"385","3320",0.0408163265306122
"385","1313",0.0204081632653061
"385","1399",0.0204081632653061
"385","1709",0.0204081632653061
"385","2100",0.0204081632653061
"385","2219",0.0204081632653061
"385","2220",0.0204081632653061
"385","2593",0.0204081632653061
"385","2599",0.0204081632653061
"385","2610",0.0204081632653061
"385","2620",0.0204081632653061
"385","2630",0.0204081632653061
"385","2652",0.0204081632653061
"385","2731",0.0204081632653061
"385","2733",0.0204081632653061
"385","2740",0.0204081632653061
"385","2790",0.0204081632653061
"385","2812",0.0204081632653061
"385","2815",0.0204081632653061
"385","2817",0.0204081632653061
"385","2822",0.0204081632653061
"385","2826",0.0204081632653061
"385","2930",0.0204081632653061
"385","3020",0.0204081632653061
"385","3211",0.0204081632653061
"385","3212",0.0204081632653061
"385","3311",0.0204081632653061
"385","3312",0.0204081632653061
"385","3314",0.0204081632653061
"390","3319",0.0701754385964912
"390","3290",0.0526315789473684
"390","1811",0.0350877192982456
"390","2599",0.0350877192982456
"390","2640",0.0350877192982456
"390","2817",0.0350877192982456
"390","2829",0.0350877192982456
"390","3212",0.0350877192982456
"390","3220",0.0350877192982456
"390","3240",0.0350877192982456
"390","3311",0.0350877192982456
"390","3312",0.0350877192982456
"390","0162",0.0175438596491228
"390","1313",0.0175438596491228
"390","1399",0.0175438596491228
"390","1410",0.0175438596491228
"390","1512",0.0175438596491228
"390","1629",0.0175438596491228
"390","1701",0.0175438596491228
"390","1709",0.0175438596491228
"390","2022",0.0175438596491228
"390","2029",0.0175438596491228
"390","2219",0.0175438596491228
"390","2220",0.0175438596491228
"390","2592",0.0175438596491228
"390","2652",0.0175438596491228
"390","2740",0.0175438596491228
"390","2790",0.0175438596491228
"390","2826",0.0175438596491228
"390","3092",0.0175438596491228
"390","3211",0.0175438596491228
"390","3230",0.0175438596491228
"390","3313",0.0175438596491228
"390","3314",0.0175438596491228
"390","3320",0.0175438596491228
"390","8020",0.0175438596491228
"390","9512",0.0175438596491228
"390","9521",0.0175438596491228
"390","9522",0.0175438596491228
"390","9523",0.0175438596491228
"390","9524",0.0175438596491228
"390","9529",0.0175438596491228
