"hs12","weight","ciiu"
"2508",0.111111111111111,"0810"
"2517",0.0925925925925926,"0810"
"2516",0.0740740740740741,"0810"
"2515",0.0555555555555556,"0810"
"2518",0.0555555555555556,"0810"
"2525",0.0555555555555556,"0810"
"7102",0.0555555555555556,"0810"
"2504",0.037037037037037,"0810"
"2505",0.037037037037037,"0810"
"2506",0.037037037037037,"0810"
"2513",0.037037037037037,"0810"
"2519",0.037037037037037,"0810"
"2524",0.037037037037037,"0810"
"2526",0.037037037037037,"0810"
"2529",0.037037037037037,"0810"
"2621",0.037037037037037,"0810"
"2507",0.0185185185185185,"0810"
"2509",0.0185185185185185,"0810"
"2512",0.0185185185185185,"0810"
"2514",0.0185185185185185,"0810"
"2520",0.0185185185185185,"0810"
"2521",0.0185185185185185,"0810"
"2530",0.0185185185185185,"0810"
"2714",0.0185185185185185,"0810"
"7103",0.0185185185185185,"0810"
"2525",0.115384615384615,"0899"
"7102",0.115384615384615,"0899"
"2504",0.0769230769230769,"0899"
"2506",0.0769230769230769,"0899"
"2513",0.0769230769230769,"0899"
"2519",0.0769230769230769,"0899"
"2524",0.0769230769230769,"0899"
"2526",0.0769230769230769,"0899"
"2529",0.0769230769230769,"0899"
"2621",0.0769230769230769,"0899"
"2512",0.0384615384615385,"0899"
"2530",0.0384615384615385,"0899"
"2714",0.0384615384615385,"0899"
"7103",0.0384615384615385,"0899"
"2711",0.4,"0910"
"2709",0.2,"0910"
"2714",0.2,"0910"
"4906",0.2,"0910"
NA,NA,"0910"
"2508",0.0618556701030928,"0990"
"2517",0.0515463917525773,"0990"
"2516",0.0412371134020619,"0990"
"2529",0.0412371134020619,"0990"
"2701",0.0412371134020619,"0990"
"2515",0.0309278350515464,"0990"
"2518",0.0309278350515464,"0990"
"2525",0.0309278350515464,"0990"
"2530",0.0309278350515464,"0990"
"7102",0.0309278350515464,"0990"
"2504",0.0206185567010309,"0990"
"2505",0.0206185567010309,"0990"
"2506",0.0206185567010309,"0990"
"2510",0.0206185567010309,"0990"
"2511",0.0206185567010309,"0990"
"2513",0.0206185567010309,"0990"
"2519",0.0206185567010309,"0990"
"2524",0.0206185567010309,"0990"
"2526",0.0206185567010309,"0990"
"2601",0.0206185567010309,"0990"
"2612",0.0206185567010309,"0990"
"2613",0.0206185567010309,"0990"
"2615",0.0206185567010309,"0990"
"2616",0.0206185567010309,"0990"
"2617",0.0206185567010309,"0990"
"2621",0.0206185567010309,"0990"
"2702",0.0206185567010309,"0990"
"2501",0.0103092783505155,"0990"
"2502",0.0103092783505155,"0990"
"2503",0.0103092783505155,"0990"
"2507",0.0103092783505155,"0990"
"2509",0.0103092783505155,"0990"
"2512",0.0103092783505155,"0990"
"2514",0.0103092783505155,"0990"
"2520",0.0103092783505155,"0990"
"2521",0.0103092783505155,"0990"
"2528",0.0103092783505155,"0990"
"2602",0.0103092783505155,"0990"
"2603",0.0103092783505155,"0990"
"2604",0.0103092783505155,"0990"
"2605",0.0103092783505155,"0990"
"2606",0.0103092783505155,"0990"
"2607",0.0103092783505155,"0990"
"2608",0.0103092783505155,"0990"
"2609",0.0103092783505155,"0990"
"2610",0.0103092783505155,"0990"
"2611",0.0103092783505155,"0990"
"2614",0.0103092783505155,"0990"
"2703",0.0103092783505155,"0990"
"2714",0.0103092783505155,"0990"
"4906",0.0103092783505155,"0990"
"7103",0.0103092783505155,"0990"
NA,NA,"0990"
"0207",0.211111111111111,"1010"
"0204",0.1,"1010"
"0206",0.1,"1010"
"1602",0.1,"1010"
"0210",0.0888888888888889,"1010"
"0203",0.0666666666666667,"1010"
"0208",0.0666666666666667,"1010"
"0201",0.0333333333333333,"1010"
"0202",0.0333333333333333,"1010"
"1501",0.0333333333333333,"1010"
"4101",0.0333333333333333,"1010"
"4102",0.0333333333333333,"1010"
"0209",0.0222222222222222,"1010"
"1502",0.0222222222222222,"1010"
"0205",0.0111111111111111,"1010"
"1601",0.0111111111111111,"1010"
"1603",0.0111111111111111,"1010"
"2301",0.0111111111111111,"1010"
"5101",0.0111111111111111,"1010"
"0303",0.269736842105263,"1020"
"0304",0.269736842105263,"1020"
"0305",0.131578947368421,"1020"
"1605",0.118421052631579,"1020"
"1604",0.0723684210526316,"1020"
"0306",0.0460526315789474,"1020"
"0307",0.0460526315789474,"1020"
"0308",0.0263157894736842,"1020"
"0302",0.00657894736842105,"1020"
"0511",0.00657894736842105,"1020"
"2301",0.00657894736842105,"1020"
"2009",0.155963302752294,"1030"
"2008",0.119266055045872,"1030"
"2005",0.0917431192660551,"1030"
"0710",0.073394495412844,"1030"
"0712",0.055045871559633,"1030"
"0711",0.0458715596330275,"1030"
"0408",0.036697247706422,"1030"
"0901",0.036697247706422,"1030"
"2101",0.036697247706422,"1030"
"2103",0.036697247706422,"1030"
"0811",0.0275229357798165,"1030"
"2007",0.0275229357798165,"1030"
"2102",0.0275229357798165,"1030"
"0812",0.018348623853211,"1030"
"0902",0.018348623853211,"1030"
"1105",0.018348623853211,"1030"
"1901",0.018348623853211,"1030"
"2001",0.018348623853211,"1030"
"2002",0.018348623853211,"1030"
"2003",0.018348623853211,"1030"
"2004",0.018348623853211,"1030"
"2104",0.018348623853211,"1030"
"2106",0.018348623853211,"1030"
"3502",0.018348623853211,"1030"
"0814",0.00917431192660551,"1030"
"1602",0.00917431192660551,"1030"
"2209",0.00917431192660551,"1030"
"2306",0.16,"1040"
"1515",0.1,"1040"
"1512",0.08,"1040"
"1513",0.08,"1040"
"1514",0.08,"1040"
"1504",0.06,"1040"
"1208",0.04,"1040"
"1507",0.04,"1040"
"1508",0.04,"1040"
"1509",0.04,"1040"
"1511",0.04,"1040"
"1516",0.04,"1040"
"1517",0.04,"1040"
"1404",0.02,"1040"
"1503",0.02,"1040"
"1506",0.02,"1040"
"1510",0.02,"1040"
"1521",0.02,"1040"
"1522",0.02,"1040"
"2304",0.02,"1040"
"2305",0.02,"1040"
"0402",0.2,"1050"
"0406",0.2,"1050"
"0401",0.16,"1050"
"0405",0.12,"1050"
"0403",0.08,"1050"
"0404",0.08,"1050"
"1702",0.08,"1050"
"2105",0.04,"1050"
"3501",0.04,"1050"
"1104",0.25,"1061"
"1103",0.166666666666667,"1061"
"1904",0.166666666666667,"1061"
"1006",0.125,"1061"
"1106",0.125,"1061"
"1102",0.0833333333333333,"1061"
"1101",0.0416666666666667,"1061"
"1901",0.0416666666666667,"1061"
"1108",0.375,"1062"
"1702",0.3125,"1062"
"1515",0.125,"1062"
"1109",0.0625,"1062"
"1903",0.0625,"1062"
"3505",0.0625,"1062"
"1905",0.153846153846154,"1071"
"0408",0.102564102564103,"1071"
"0901",0.102564102564103,"1071"
"2101",0.102564102564103,"1071"
"2103",0.102564102564103,"1071"
"2102",0.0769230769230769,"1071"
"0902",0.0512820512820513,"1071"
"1901",0.0512820512820513,"1071"
"2104",0.0512820512820513,"1071"
"2106",0.0512820512820513,"1071"
"3502",0.0512820512820513,"1071"
"1602",0.0256410256410256,"1071"
"2005",0.0256410256410256,"1071"
"2007",0.0256410256410256,"1071"
"2209",0.0256410256410256,"1071"
"1701",0.625,"1072"
"1703",0.25,"1072"
"1702",0.125,"1072"
"1806",0.416666666666667,"1073"
"1704",0.166666666666667,"1073"
"1803",0.166666666666667,"1073"
"1804",0.0833333333333333,"1073"
"1805",0.0833333333333333,"1073"
"2006",0.0833333333333333,"1073"
"1902",1,"1074"
"0303",0.154135338345865,"1075"
"0304",0.154135338345865,"1075"
"0305",0.075187969924812,"1075"
"1605",0.0676691729323308,"1075"
"2009",0.0639097744360902,"1075"
"2008",0.0488721804511278,"1075"
"1604",0.0413533834586466,"1075"
"2005",0.037593984962406,"1075"
"0710",0.0300751879699248,"1075"
"0306",0.0263157894736842,"1075"
"0307",0.0263157894736842,"1075"
"0712",0.0225563909774436,"1075"
"0711",0.018796992481203,"1075"
"1902",0.018796992481203,"1075"
"0308",0.0150375939849624,"1075"
"0408",0.0150375939849624,"1075"
"0901",0.0150375939849624,"1075"
"2101",0.0150375939849624,"1075"
"2103",0.0150375939849624,"1075"
"0811",0.0112781954887218,"1075"
"2007",0.0112781954887218,"1075"
"2102",0.0112781954887218,"1075"
"0812",0.0075187969924812,"1075"
"0902",0.0075187969924812,"1075"
"1105",0.0075187969924812,"1075"
"1901",0.0075187969924812,"1075"
"2001",0.0075187969924812,"1075"
"2002",0.0075187969924812,"1075"
"2003",0.0075187969924812,"1075"
"2004",0.0075187969924812,"1075"
"2104",0.0075187969924812,"1075"
"2106",0.0075187969924812,"1075"
"3502",0.0075187969924812,"1075"
"0302",0.0037593984962406,"1075"
"0511",0.0037593984962406,"1075"
"0814",0.0037593984962406,"1075"
"1602",0.0037593984962406,"1075"
"2209",0.0037593984962406,"1075"
"2301",0.0037593984962406,"1075"
"3824",0.114864864864865,"1079"
"3702",0.108108108108108,"1079"
"3825",0.0608108108108108,"1079"
"3301",0.0540540540540541,"1079"
"3701",0.0337837837837838,"1079"
"3811",0.0337837837837838,"1079"
"0408",0.027027027027027,"1079"
"0901",0.027027027027027,"1079"
"2101",0.027027027027027,"1079"
"2103",0.027027027027027,"1079"
"3403",0.027027027027027,"1079"
"3502",0.027027027027027,"1079"
"3809",0.027027027027027,"1079"
"3815",0.027027027027027,"1079"
"8523",0.027027027027027,"1079"
"2102",0.0202702702702703,"1079"
"3506",0.0202702702702703,"1079"
"3703",0.0202702702702703,"1079"
"3812",0.0202702702702703,"1079"
"0902",0.0135135135135135,"1079"
"1901",0.0135135135135135,"1079"
"2104",0.0135135135135135,"1079"
"2106",0.0135135135135135,"1079"
"3302",0.0135135135135135,"1079"
"3604",0.0135135135135135,"1079"
"3707",0.0135135135135135,"1079"
"3810",0.0135135135135135,"1079"
"1518",0.00675675675675676,"1079"
"1602",0.00675675675675676,"1079"
"2005",0.00675675675675676,"1079"
"2007",0.00675675675675676,"1079"
"2209",0.00675675675675676,"1079"
"3006",0.00675675675675676,"1079"
"3215",0.00675675675675676,"1079"
"3407",0.00675675675675676,"1079"
"3501",0.00675675675675676,"1079"
"3503",0.00675675675675676,"1079"
"3504",0.00675675675675676,"1079"
"3505",0.00675675675675676,"1079"
"3601",0.00675675675675676,"1079"
"3602",0.00675675675675676,"1079"
"3603",0.00675675675675676,"1079"
"3802",0.00675675675675676,"1079"
"3813",0.00675675675675676,"1079"
"3817",0.00675675675675676,"1079"
"3818",0.00675675675675676,"1079"
"3819",0.00675675675675676,"1079"
"3820",0.00675675675675676,"1079"
"3821",0.00675675675675676,"1079"
"3822",0.00675675675675676,"1079"
"3826",0.00675675675675676,"1079"
"2309",1,"1080"
"2208",0.777777777777778,"1101"
"2207",0.222222222222222,"1101"
"0802",0.0867052023121387,"1102"
"0709",0.0635838150289017,"1102"
"0810",0.046242774566474,"1102"
"1302",0.046242774566474,"1102"
"0603",0.0404624277456647,"1102"
"0801",0.0404624277456647,"1102"
"0908",0.0346820809248555,"1102"
"0909",0.0346820809248555,"1102"
"0910",0.0346820809248555,"1102"
"4403",0.0346820809248555,"1102"
"0602",0.0289017341040462,"1102"
"0804",0.0289017341040462,"1102"
"0805",0.0289017341040462,"1102"
"0809",0.0289017341040462,"1102"
"0813",0.0289017341040462,"1102"
"0705",0.023121387283237,"1102"
"0904",0.023121387283237,"1102"
"2204",0.023121387283237,"1102"
"0703",0.0173410404624277,"1102"
"0704",0.0173410404624277,"1102"
"0708",0.0173410404624277,"1102"
"0807",0.0173410404624277,"1102"
"0808",0.0173410404624277,"1102"
"0906",0.0173410404624277,"1102"
"1209",0.0173410404624277,"1102"
"1401",0.0173410404624277,"1102"
"0601",0.0115606936416185,"1102"
"0604",0.0115606936416185,"1102"
"0706",0.0115606936416185,"1102"
"0803",0.0115606936416185,"1102"
"0806",0.0115606936416185,"1102"
"0902",0.0115606936416185,"1102"
"0905",0.0115606936416185,"1102"
"0907",0.0115606936416185,"1102"
"1301",0.0115606936416185,"1102"
"2205",0.0115606936416185,"1102"
"4404",0.0115606936416185,"1102"
"0702",0.00578034682080925,"1102"
"0707",0.00578034682080925,"1102"
"0901",0.00578034682080925,"1102"
"0903",0.00578034682080925,"1102"
"1404",0.00578034682080925,"1102"
"1801",0.00578034682080925,"1102"
"2206",0.00578034682080925,"1102"
"4001",0.00578034682080925,"1102"
"4401",0.00578034682080925,"1102"
"4501",0.00578034682080925,"1102"
"1107",0.666666666666667,"1103"
"2203",0.333333333333333,"1103"
"2201",0.5,"1104"
"2202",0.5,"1104"
"2403",0.571428571428571,"1200"
"2402",0.428571428571429,"1200"
"5407",0.0750750750750751,"1311"
"5205",0.0720720720720721,"1311"
"5206",0.0600600600600601,"1311"
"5516",0.0600600600600601,"1311"
"5208",0.0570570570570571,"1311"
"5509",0.0540540540540541,"1311"
"5209",0.048048048048048,"1311"
"5211",0.042042042042042,"1311"
"5514",0.036036036036036,"1311"
"5801",0.036036036036036,"1311"
"5210",0.033033033033033,"1311"
"5513",0.033033033033033,"1311"
"5212",0.03003003003003,"1311"
"5408",0.027027027027027,"1311"
"5515",0.027027027027027,"1311"
"5105",0.018018018018018,"1311"
"5512",0.018018018018018,"1311"
"5111",0.015015015015015,"1311"
"5112",0.015015015015015,"1311"
"5510",0.015015015015015,"1311"
"5309",0.012012012012012,"1311"
"5506",0.012012012012012,"1311"
"5802",0.012012012012012,"1311"
"7019",0.012012012012012,"1311"
"5007",0.00900900900900901,"1311"
"5101",0.00900900900900901,"1311"
"5204",0.00900900900900901,"1311"
"5301",0.00900900900900901,"1311"
"5308",0.00900900900900901,"1311"
"5402",0.00900900900900901,"1311"
"5403",0.00900900900900901,"1311"
"5511",0.00900900900900901,"1311"
"5106",0.00600600600600601,"1311"
"5107",0.00600600600600601,"1311"
"5108",0.00600600600600601,"1311"
"5109",0.00600600600600601,"1311"
"5207",0.00600600600600601,"1311"
"5306",0.00600600600600601,"1311"
"5307",0.00600600600600601,"1311"
"5310",0.00600600600600601,"1311"
"5401",0.00600600600600601,"1311"
"5508",0.00600600600600601,"1311"
"1505",0.003003003003003,"1311"
"5002",0.003003003003003,"1311"
"5003",0.003003003003003,"1311"
"5004",0.003003003003003,"1311"
"5005",0.003003003003003,"1311"
"5006",0.003003003003003,"1311"
"5103",0.003003003003003,"1311"
"5110",0.003003003003003,"1311"
"5113",0.003003003003003,"1311"
"5203",0.003003003003003,"1311"
"5302",0.003003003003003,"1311"
"5303",0.003003003003003,"1311"
"5311",0.003003003003003,"1311"
"5406",0.003003003003003,"1311"
"5507",0.003003003003003,"1311"
"5803",0.003003003003003,"1311"
"5407",0.0684931506849315,"1312"
"5205",0.0657534246575342,"1312"
"5206",0.0547945205479452,"1312"
"5516",0.0547945205479452,"1312"
"5208",0.0520547945205479,"1312"
"5509",0.0493150684931507,"1312"
"5209",0.0438356164383562,"1312"
"5211",0.0383561643835616,"1312"
"5514",0.0328767123287671,"1312"
"5801",0.0328767123287671,"1312"
"5210",0.0301369863013699,"1312"
"5513",0.0301369863013699,"1312"
"5212",0.0273972602739726,"1312"
"5408",0.0246575342465753,"1312"
"5515",0.0246575342465753,"1312"
"5105",0.0164383561643836,"1312"
"5512",0.0164383561643836,"1312"
"5111",0.0136986301369863,"1312"
"5112",0.0136986301369863,"1312"
"5510",0.0136986301369863,"1312"
"6804",0.0136986301369863,"1312"
"6812",0.0136986301369863,"1312"
"3801",0.010958904109589,"1312"
"5309",0.010958904109589,"1312"
"5506",0.010958904109589,"1312"
"5802",0.010958904109589,"1312"
"7019",0.010958904109589,"1312"
"5007",0.00821917808219178,"1312"
"5101",0.00821917808219178,"1312"
"5204",0.00821917808219178,"1312"
"5301",0.00821917808219178,"1312"
"5308",0.00821917808219178,"1312"
"5402",0.00821917808219178,"1312"
"5403",0.00821917808219178,"1312"
"5511",0.00821917808219178,"1312"
"6805",0.00821917808219178,"1312"
"6806",0.00821917808219178,"1312"
"6813",0.00821917808219178,"1312"
"6815",0.00821917808219178,"1312"
"5106",0.00547945205479452,"1312"
"5107",0.00547945205479452,"1312"
"5108",0.00547945205479452,"1312"
"5109",0.00547945205479452,"1312"
"5207",0.00547945205479452,"1312"
"5306",0.00547945205479452,"1312"
"5307",0.00547945205479452,"1312"
"5310",0.00547945205479452,"1312"
"5401",0.00547945205479452,"1312"
"5508",0.00547945205479452,"1312"
"6807",0.00547945205479452,"1312"
"6814",0.00547945205479452,"1312"
"1505",0.00273972602739726,"1312"
"2715",0.00273972602739726,"1312"
"2818",0.00273972602739726,"1312"
"5002",0.00273972602739726,"1312"
"5003",0.00273972602739726,"1312"
"5004",0.00273972602739726,"1312"
"5005",0.00273972602739726,"1312"
"5006",0.00273972602739726,"1312"
"5103",0.00273972602739726,"1312"
"5110",0.00273972602739726,"1312"
"5113",0.00273972602739726,"1312"
"5203",0.00273972602739726,"1312"
"5302",0.00273972602739726,"1312"
"5303",0.00273972602739726,"1312"
"5311",0.00273972602739726,"1312"
"5406",0.00273972602739726,"1312"
"5507",0.00273972602739726,"1312"
"5803",0.00273972602739726,"1312"
"6204",0.0929368029739777,"1313"
"6104",0.0817843866171004,"1313"
"6203",0.0520446096654275,"1313"
"6103",0.0446096654275093,"1313"
"6108",0.0408921933085502,"1313"
"6211",0.033457249070632,"1313"
"5603",0.0297397769516729,"1313"
"6107",0.0297397769516729,"1313"
"6112",0.0297397769516729,"1313"
"6201",0.0297397769516729,"1313"
"6202",0.0297397769516729,"1313"
"6208",0.0297397769516729,"1313"
"6207",0.0260223048327138,"1313"
"5806",0.0223048327137546,"1313"
"5911",0.0223048327137546,"1313"
"6116",0.0185873605947955,"1313"
"6206",0.0185873605947955,"1313"
"6210",0.0185873605947955,"1313"
"6214",0.0185873605947955,"1313"
"4203",0.0148698884758364,"1313"
"5601",0.0148698884758364,"1313"
"5602",0.0148698884758364,"1313"
"5804",0.0148698884758364,"1313"
"5810",0.0148698884758364,"1313"
"6102",0.0148698884758364,"1313"
"6212",0.0148698884758364,"1313"
"5902",0.0111524163568773,"1313"
"5903",0.0111524163568773,"1313"
"6101",0.0111524163568773,"1313"
"6105",0.0111524163568773,"1313"
"6106",0.0111524163568773,"1313"
"6111",0.0111524163568773,"1313"
"6114",0.0111524163568773,"1313"
"6117",0.0111524163568773,"1313"
"6205",0.0111524163568773,"1313"
"6209",0.0111524163568773,"1313"
"6215",0.0111524163568773,"1313"
"5604",0.00743494423791822,"1313"
"5807",0.00743494423791822,"1313"
"5808",0.00743494423791822,"1313"
"5901",0.00743494423791822,"1313"
"6213",0.00743494423791822,"1313"
"6217",0.00743494423791822,"1313"
"5605",0.00371747211895911,"1313"
"5606",0.00371747211895911,"1313"
"5809",0.00371747211895911,"1313"
"5811",0.00371747211895911,"1313"
"5907",0.00371747211895911,"1313"
"5908",0.00371747211895911,"1313"
"5909",0.00371747211895911,"1313"
"5910",0.00371747211895911,"1313"
"6113",0.00371747211895911,"1313"
"6216",0.00371747211895911,"1313"
"6501",0.00371747211895911,"1313"
"6502",0.00371747211895911,"1313"
"6504",0.00371747211895911,"1313"
"6505",0.00371747211895911,"1313"
"6506",0.00371747211895911,"1313"
"6507",0.00371747211895911,"1313"
NA,NA,"1313"
"6006",0.233333333333333,"1391"
"6005",0.216666666666667,"1391"
"6115",0.15,"1391"
"6001",0.116666666666667,"1391"
"6110",0.1,"1391"
"6003",0.0833333333333333,"1391"
"6002",0.0333333333333333,"1391"
"6004",0.0333333333333333,"1391"
"6109",0.0333333333333333,"1391"
"6302",0.223880597014925,"1392"
"8708",0.208955223880597,"1392"
"6306",0.104477611940299,"1392"
"6304",0.0895522388059701,"1392"
"6305",0.0895522388059701,"1392"
"6303",0.0746268656716418,"1392"
"6301",0.0597014925373134,"1392"
"6307",0.0447761194029851,"1392"
"8409",0.0298507462686567,"1392"
"9404",0.0298507462686567,"1392"
"5805",0.0149253731343284,"1392"
"6308",0.0149253731343284,"1392"
"8804",0.0149253731343284,"1392"
"5702",0.571428571428571,"1393"
"5703",0.19047619047619,"1393"
"5701",0.0952380952380952,"1393"
"5704",0.0952380952380952,"1393"
"5705",0.0476190476190476,"1393"
"5607",0.6,"1394"
"5608",0.3,"1394"
"5609",0.1,"1394"
"5603",0.0597014925373134,"1399"
"9608",0.0597014925373134,"1399"
"9603",0.0522388059701493,"1399"
"5806",0.0447761194029851,"1399"
"5911",0.0447761194029851,"1399"
"9606",0.0373134328358209,"1399"
"5601",0.0298507462686567,"1399"
"5602",0.0298507462686567,"1399"
"5804",0.0298507462686567,"1399"
"5810",0.0298507462686567,"1399"
"6704",0.0298507462686567,"1399"
"9613",0.0298507462686567,"1399"
"5902",0.0223880597014925,"1399"
"5903",0.0223880597014925,"1399"
"6601",0.0223880597014925,"1399"
"7117",0.0223880597014925,"1399"
"9607",0.0223880597014925,"1399"
"9609",0.0223880597014925,"1399"
"9615",0.0223880597014925,"1399"
"3606",0.0149253731343284,"1399"
"5604",0.0149253731343284,"1399"
"5807",0.0149253731343284,"1399"
"5808",0.0149253731343284,"1399"
"5901",0.0149253731343284,"1399"
"5904",0.0149253731343284,"1399"
"6603",0.0149253731343284,"1399"
"6702",0.0149253731343284,"1399"
"9505",0.0149253731343284,"1399"
"9508",0.0149253731343284,"1399"
"9601",0.0149253731343284,"1399"
"9612",0.0149253731343284,"1399"
"9616",0.0149253731343284,"1399"
"3406",0.00746268656716418,"1399"
"3605",0.00746268656716418,"1399"
"4206",0.00746268656716418,"1399"
"5605",0.00746268656716418,"1399"
"5606",0.00746268656716418,"1399"
"5809",0.00746268656716418,"1399"
"5811",0.00746268656716418,"1399"
"5907",0.00746268656716418,"1399"
"5908",0.00746268656716418,"1399"
"5909",0.00746268656716418,"1399"
"5910",0.00746268656716418,"1399"
"6602",0.00746268656716418,"1399"
"6701",0.00746268656716418,"1399"
"6703",0.00746268656716418,"1399"
"8715",0.00746268656716418,"1399"
"9023",0.00746268656716418,"1399"
"9602",0.00746268656716418,"1399"
"9604",0.00746268656716418,"1399"
"9610",0.00746268656716418,"1399"
"9611",0.00746268656716418,"1399"
"9614",0.00746268656716418,"1399"
"9617",0.00746268656716418,"1399"
"9618",0.00746268656716418,"1399"
"6204",0.118483412322275,"1410"
"6104",0.104265402843602,"1410"
"6203",0.0663507109004739,"1410"
"6103",0.0568720379146919,"1410"
"6108",0.0521327014218009,"1410"
"6211",0.042654028436019,"1410"
"6107",0.037914691943128,"1410"
"6112",0.037914691943128,"1410"
"6201",0.037914691943128,"1410"
"6202",0.037914691943128,"1410"
"6208",0.037914691943128,"1410"
"6207",0.033175355450237,"1410"
"6116",0.023696682464455,"1410"
"6206",0.023696682464455,"1410"
"6210",0.023696682464455,"1410"
"6214",0.023696682464455,"1410"
"4203",0.018957345971564,"1410"
"6102",0.018957345971564,"1410"
"6212",0.018957345971564,"1410"
"6101",0.014218009478673,"1410"
"6105",0.014218009478673,"1410"
"6106",0.014218009478673,"1410"
"6111",0.014218009478673,"1410"
"6114",0.014218009478673,"1410"
"6117",0.014218009478673,"1410"
"6205",0.014218009478673,"1410"
"6209",0.014218009478673,"1410"
"6215",0.014218009478673,"1410"
"6213",0.00947867298578199,"1410"
"6217",0.00947867298578199,"1410"
"6113",0.004739336492891,"1410"
"6216",0.004739336492891,"1410"
"6501",0.004739336492891,"1410"
"6502",0.004739336492891,"1410"
"6504",0.004739336492891,"1410"
"6505",0.004739336492891,"1410"
"6506",0.004739336492891,"1410"
"6507",0.004739336492891,"1410"
"4106",0.205882352941176,"1511"
"4107",0.176470588235294,"1511"
"4104",0.117647058823529,"1511"
"4113",0.117647058823529,"1511"
"4302",0.117647058823529,"1511"
"4105",0.0588235294117647,"1511"
"4114",0.0588235294117647,"1511"
"4303",0.0588235294117647,"1511"
"4112",0.0294117647058824,"1511"
"4115",0.0294117647058824,"1511"
"4304",0.0294117647058824,"1511"
"6403",0.32,"1520"
"6402",0.2,"1520"
"6401",0.12,"1520"
"6404",0.12,"1520"
"6405",0.12,"1520"
"6406",0.12,"1520"
"4407",0.608695652173913,"1610"
"4409",0.130434782608696,"1610"
"4401",0.0869565217391304,"1610"
"4406",0.0869565217391304,"1610"
"4403",0.0434782608695652,"1610"
"4405",0.0434782608695652,"1610"
"4411",0.285714285714286,"1621"
"4412",0.285714285714286,"1621"
"4408",0.19047619047619,"1621"
"4410",0.19047619047619,"1621"
"4413",0.0476190476190476,"1621"
"4418",1,"1622"
"4415",0.666666666666667,"1623"
"4416",0.333333333333333,"1623"
"6403",0.064,"1629"
"9608",0.064,"1629"
"4601",0.056,"1629"
"9603",0.056,"1629"
"6402",0.04,"1629"
"9606",0.04,"1629"
"4602",0.032,"1629"
"6704",0.032,"1629"
"9613",0.032,"1629"
"6401",0.024,"1629"
"6404",0.024,"1629"
"6405",0.024,"1629"
"6406",0.024,"1629"
"6601",0.024,"1629"
"7117",0.024,"1629"
"9607",0.024,"1629"
"9609",0.024,"1629"
"9615",0.024,"1629"
"3606",0.016,"1629"
"4420",0.016,"1629"
"4421",0.016,"1629"
"4503",0.016,"1629"
"4504",0.016,"1629"
"5904",0.016,"1629"
"6603",0.016,"1629"
"6702",0.016,"1629"
"9505",0.016,"1629"
"9508",0.016,"1629"
"9601",0.016,"1629"
"9612",0.016,"1629"
"9616",0.016,"1629"
"3406",0.008,"1629"
"3605",0.008,"1629"
"4206",0.008,"1629"
"4414",0.008,"1629"
"4417",0.008,"1629"
"4419",0.008,"1629"
"4501",0.008,"1629"
"4502",0.008,"1629"
"6602",0.008,"1629"
"6701",0.008,"1629"
"6703",0.008,"1629"
"8715",0.008,"1629"
"9023",0.008,"1629"
"9602",0.008,"1629"
"9604",0.008,"1629"
"9610",0.008,"1629"
"9611",0.008,"1629"
"9614",0.008,"1629"
"9617",0.008,"1629"
"9618",0.008,"1629"
"4804",0.15,"1701"
"4802",0.1375,"1701"
"4805",0.1375,"1701"
"4810",0.125,"1701"
"4811",0.0875,"1701"
"4706",0.075,"1701"
"4703",0.05,"1701"
"4704",0.05,"1701"
"4806",0.05,"1701"
"4808",0.025,"1701"
"4809",0.025,"1701"
"4701",0.0125,"1701"
"4702",0.0125,"1701"
"4705",0.0125,"1701"
"4801",0.0125,"1701"
"4803",0.0125,"1701"
"4807",0.0125,"1701"
"4813",0.0125,"1701"
"4819",0.857142857142857,"1702"
"4808",0.142857142857143,"1702"
"5603",0.0476190476190476,"1709"
"9608",0.0476190476190476,"1709"
"9603",0.0416666666666667,"1709"
"4820",0.0357142857142857,"1709"
"4823",0.0357142857142857,"1709"
"5806",0.0357142857142857,"1709"
"5911",0.0357142857142857,"1709"
"4818",0.0297619047619048,"1709"
"9606",0.0297619047619048,"1709"
"5601",0.0238095238095238,"1709"
"5602",0.0238095238095238,"1709"
"5804",0.0238095238095238,"1709"
"5810",0.0238095238095238,"1709"
"6704",0.0238095238095238,"1709"
"9613",0.0238095238095238,"1709"
"4817",0.0178571428571429,"1709"
"5902",0.0178571428571429,"1709"
"5903",0.0178571428571429,"1709"
"6601",0.0178571428571429,"1709"
"7117",0.0178571428571429,"1709"
"9607",0.0178571428571429,"1709"
"9609",0.0178571428571429,"1709"
"9615",0.0178571428571429,"1709"
"3606",0.0119047619047619,"1709"
"4813",0.0119047619047619,"1709"
"4814",0.0119047619047619,"1709"
"4816",0.0119047619047619,"1709"
"4821",0.0119047619047619,"1709"
"4822",0.0119047619047619,"1709"
"5604",0.0119047619047619,"1709"
"5807",0.0119047619047619,"1709"
"5808",0.0119047619047619,"1709"
"5901",0.0119047619047619,"1709"
"5904",0.0119047619047619,"1709"
"6603",0.0119047619047619,"1709"
"6702",0.0119047619047619,"1709"
"9505",0.0119047619047619,"1709"
"9508",0.0119047619047619,"1709"
"9601",0.0119047619047619,"1709"
"9612",0.0119047619047619,"1709"
"9616",0.0119047619047619,"1709"
"3406",0.00595238095238095,"1709"
"3605",0.00595238095238095,"1709"
"4206",0.00595238095238095,"1709"
"4812",0.00595238095238095,"1709"
"4911",0.00595238095238095,"1709"
"5605",0.00595238095238095,"1709"
"5606",0.00595238095238095,"1709"
"5809",0.00595238095238095,"1709"
"5811",0.00595238095238095,"1709"
"5905",0.00595238095238095,"1709"
"5907",0.00595238095238095,"1709"
"5908",0.00595238095238095,"1709"
"5909",0.00595238095238095,"1709"
"5910",0.00595238095238095,"1709"
"6602",0.00595238095238095,"1709"
"6701",0.00595238095238095,"1709"
"6703",0.00595238095238095,"1709"
"8715",0.00595238095238095,"1709"
"9023",0.00595238095238095,"1709"
"9602",0.00595238095238095,"1709"
"9604",0.00595238095238095,"1709"
"9610",0.00595238095238095,"1709"
"9611",0.00595238095238095,"1709"
"9614",0.00595238095238095,"1709"
"9617",0.00595238095238095,"1709"
"9618",0.00595238095238095,"1709"
"9619",0.00595238095238095,"1709"
"4820",0.176470588235294,"1811"
"4823",0.176470588235294,"1811"
"4818",0.147058823529412,"1811"
"4817",0.0882352941176471,"1811"
"4813",0.0588235294117647,"1811"
"4814",0.0588235294117647,"1811"
"4816",0.0588235294117647,"1811"
"4821",0.0588235294117647,"1811"
"4822",0.0588235294117647,"1811"
"4812",0.0294117647058824,"1811"
"4911",0.0294117647058824,"1811"
"5905",0.0294117647058824,"1811"
"9619",0.0294117647058824,"1811"
NA,NA,"1811"
"8442",1,"1812"
"2710",0.217391304347826,"1920"
"2711",0.217391304347826,"1920"
"2701",0.173913043478261,"1920"
"2713",0.173913043478261,"1920"
"2712",0.130434782608696,"1920"
"2702",0.0869565217391304,"1920"
"2903",0.0450751252086811,"2011"
"2905",0.0317195325542571,"2011"
"3824",0.0283806343906511,"2011"
"2915",0.0267111853088481,"2011"
"3702",0.0267111853088481,"2011"
"2921",0.0250417362270451,"2011"
"2914",0.0233722871452421,"2011"
"2917",0.0217028380634391,"2011"
"2922",0.0217028380634391,"2011"
"2902",0.0200333889816361,"2011"
"2916",0.0200333889816361,"2011"
"2918",0.0200333889816361,"2011"
"2933",0.0200333889816361,"2011"
"2804",0.0183639398998331,"2011"
"2827",0.01669449081803,"2011"
"2833",0.01669449081803,"2011"
"2909",0.01669449081803,"2011"
"2912",0.01669449081803,"2011"
"2932",0.01669449081803,"2011"
"3204",0.01669449081803,"2011"
"2825",0.015025041736227,"2011"
"2907",0.015025041736227,"2011"
"3825",0.015025041736227,"2011"
"2835",0.013355592654424,"2011"
"2836",0.013355592654424,"2011"
"3301",0.013355592654424,"2011"
"2208",0.011686143572621,"2011"
"2707",0.011686143572621,"2011"
"2841",0.011686143572621,"2011"
"3206",0.011686143572621,"2011"
"2901",0.010016694490818,"2011"
"2906",0.010016694490818,"2011"
"2805",0.00834724540901502,"2011"
"2811",0.00834724540901502,"2011"
"2843",0.00834724540901502,"2011"
"2908",0.00834724540901502,"2011"
"2910",0.00834724540901502,"2011"
"2925",0.00834724540901502,"2011"
"2930",0.00834724540901502,"2011"
"3701",0.00834724540901502,"2011"
"3811",0.00834724540901502,"2011"
"3823",0.00834724540901502,"2011"
"2815",0.00667779632721202,"2011"
"2826",0.00667779632721202,"2011"
"2840",0.00667779632721202,"2011"
"2844",0.00667779632721202,"2011"
"2926",0.00667779632721202,"2011"
"2934",0.00667779632721202,"2011"
"3403",0.00667779632721202,"2011"
"3806",0.00667779632721202,"2011"
"3809",0.00667779632721202,"2011"
"3815",0.00667779632721202,"2011"
"8523",0.00667779632721202,"2011"
"2801",0.00500834724540901,"2011"
"2829",0.00500834724540901,"2011"
"2832",0.00500834724540901,"2011"
"2837",0.00500834724540901,"2011"
"2839",0.00500834724540901,"2011"
"2849",0.00500834724540901,"2011"
"2904",0.00500834724540901,"2011"
"2920",0.00500834724540901,"2011"
"2931",0.00500834724540901,"2011"
"3201",0.00500834724540901,"2011"
"3506",0.00500834724540901,"2011"
"3703",0.00500834724540901,"2011"
"3812",0.00500834724540901,"2011"
"2207",0.00333889816360601,"2011"
"2708",0.00333889816360601,"2011"
"2806",0.00333889816360601,"2011"
"2809",0.00333889816360601,"2011"
"2812",0.00333889816360601,"2011"
"2813",0.00333889816360601,"2011"
"2816",0.00333889816360601,"2011"
"2819",0.00333889816360601,"2011"
"2820",0.00333889816360601,"2011"
"2821",0.00333889816360601,"2011"
"2824",0.00333889816360601,"2011"
"2828",0.00333889816360601,"2011"
"2830",0.00333889816360601,"2011"
"2831",0.00333889816360601,"2011"
"2842",0.00333889816360601,"2011"
"2845",0.00333889816360601,"2011"
"2846",0.00333889816360601,"2011"
"2852",0.00333889816360601,"2011"
"2919",0.00333889816360601,"2011"
"2929",0.00333889816360601,"2011"
"3202",0.00333889816360601,"2011"
"3302",0.00333889816360601,"2011"
"3502",0.00333889816360601,"2011"
"3507",0.00333889816360601,"2011"
"3604",0.00333889816360601,"2011"
"3707",0.00333889816360601,"2011"
"3802",0.00333889816360601,"2011"
"3805",0.00333889816360601,"2011"
"3810",0.00333889816360601,"2011"
"4402",0.00333889816360601,"2011"
"7104",0.00333889816360601,"2011"
"1518",0.00166944908180301,"2011"
"2601",0.00166944908180301,"2011"
"2802",0.00166944908180301,"2011"
"2803",0.00166944908180301,"2011"
"2807",0.00166944908180301,"2011"
"2810",0.00166944908180301,"2011"
"2817",0.00166944908180301,"2011"
"2818",0.00166944908180301,"2011"
"2822",0.00166944908180301,"2011"
"2823",0.00166944908180301,"2011"
"2834",0.00166944908180301,"2011"
"2847",0.00166944908180301,"2011"
"2848",0.00166944908180301,"2011"
"2850",0.00166944908180301,"2011"
"2853",0.00166944908180301,"2011"
"2911",0.00166944908180301,"2011"
"2913",0.00166944908180301,"2011"
"2924",0.00166944908180301,"2011"
"2927",0.00166944908180301,"2011"
"2928",0.00166944908180301,"2011"
"2942",0.00166944908180301,"2011"
"3006",0.00166944908180301,"2011"
"3203",0.00166944908180301,"2011"
"3205",0.00166944908180301,"2011"
"3215",0.00166944908180301,"2011"
"3407",0.00166944908180301,"2011"
"3501",0.00166944908180301,"2011"
"3503",0.00166944908180301,"2011"
"3504",0.00166944908180301,"2011"
"3505",0.00166944908180301,"2011"
"3601",0.00166944908180301,"2011"
"3602",0.00166944908180301,"2011"
"3603",0.00166944908180301,"2011"
"3803",0.00166944908180301,"2011"
"3807",0.00166944908180301,"2011"
"3813",0.00166944908180301,"2011"
"3817",0.00166944908180301,"2011"
"3818",0.00166944908180301,"2011"
"3819",0.00166944908180301,"2011"
"3820",0.00166944908180301,"2011"
"3821",0.00166944908180301,"2011"
"3822",0.00166944908180301,"2011"
"3826",0.00166944908180301,"2011"
"8401",0.00166944908180301,"2011"
"3102",0.310344827586207,"2012"
"3105",0.275862068965517,"2012"
"3104",0.103448275862069,"2012"
"2814",0.0689655172413793,"2012"
"2834",0.0689655172413793,"2012"
"3103",0.0689655172413793,"2012"
"2808",0.0344827586206897,"2012"
"2827",0.0344827586206897,"2012"
"3101",0.0344827586206897,"2012"
"4002",0.191780821917808,"2013"
"3904",0.123287671232877,"2013"
"3907",0.123287671232877,"2013"
"3905",0.0958904109589041,"2013"
"3912",0.0821917808219178,"2013"
"3903",0.0684931506849315,"2013"
"3909",0.0684931506849315,"2013"
"3901",0.0547945205479452,"2013"
"3902",0.0547945205479452,"2013"
"3906",0.0273972602739726,"2013"
"3908",0.0273972602739726,"2013"
"3911",0.0273972602739726,"2013"
"3913",0.0273972602739726,"2013"
"3910",0.0136986301369863,"2013"
"3914",0.0136986301369863,"2013"
"3808",1,"2021"
"3207",0.2,"2022"
"3208",0.15,"2022"
"3209",0.1,"2022"
"3212",0.1,"2022"
"3213",0.1,"2022"
"3214",0.1,"2022"
"3215",0.1,"2022"
"3210",0.05,"2022"
"3211",0.05,"2022"
"3814",0.05,"2022"
"3307",0.162162162162162,"2023"
"3402",0.162162162162162,"2023"
"3304",0.135135135135135,"2023"
"3405",0.135135135135135,"2023"
"3305",0.108108108108108,"2023"
"3401",0.108108108108108,"2023"
"3306",0.0540540540540541,"2023"
"3404",0.0540540540540541,"2023"
"1520",0.027027027027027,"2023"
"2905",0.027027027027027,"2023"
"3303",0.027027027027027,"2023"
"3824",0.0890052356020942,"2029"
"3702",0.0837696335078534,"2029"
"3825",0.0471204188481675,"2029"
"3301",0.0418848167539267,"2029"
"9608",0.0418848167539267,"2029"
"9603",0.0366492146596859,"2029"
"3701",0.0261780104712042,"2029"
"3811",0.0261780104712042,"2029"
"9606",0.0261780104712042,"2029"
"3403",0.0209424083769634,"2029"
"3809",0.0209424083769634,"2029"
"3815",0.0209424083769634,"2029"
"6704",0.0209424083769634,"2029"
"8523",0.0209424083769634,"2029"
"9613",0.0209424083769634,"2029"
"3506",0.0157068062827225,"2029"
"3703",0.0157068062827225,"2029"
"3812",0.0157068062827225,"2029"
"6601",0.0157068062827225,"2029"
"7117",0.0157068062827225,"2029"
"9607",0.0157068062827225,"2029"
"9609",0.0157068062827225,"2029"
"9615",0.0157068062827225,"2029"
"3302",0.0104712041884817,"2029"
"3502",0.0104712041884817,"2029"
"3604",0.0104712041884817,"2029"
"3606",0.0104712041884817,"2029"
"3707",0.0104712041884817,"2029"
"3810",0.0104712041884817,"2029"
"5904",0.0104712041884817,"2029"
"6603",0.0104712041884817,"2029"
"6702",0.0104712041884817,"2029"
"9505",0.0104712041884817,"2029"
"9508",0.0104712041884817,"2029"
"9601",0.0104712041884817,"2029"
"9612",0.0104712041884817,"2029"
"9616",0.0104712041884817,"2029"
"1518",0.00523560209424084,"2029"
"3006",0.00523560209424084,"2029"
"3215",0.00523560209424084,"2029"
"3406",0.00523560209424084,"2029"
"3407",0.00523560209424084,"2029"
"3501",0.00523560209424084,"2029"
"3503",0.00523560209424084,"2029"
"3504",0.00523560209424084,"2029"
"3505",0.00523560209424084,"2029"
"3601",0.00523560209424084,"2029"
"3602",0.00523560209424084,"2029"
"3603",0.00523560209424084,"2029"
"3605",0.00523560209424084,"2029"
"3802",0.00523560209424084,"2029"
"3813",0.00523560209424084,"2029"
"3817",0.00523560209424084,"2029"
"3818",0.00523560209424084,"2029"
"3819",0.00523560209424084,"2029"
"3820",0.00523560209424084,"2029"
"3821",0.00523560209424084,"2029"
"3822",0.00523560209424084,"2029"
"3826",0.00523560209424084,"2029"
"4206",0.00523560209424084,"2029"
"6602",0.00523560209424084,"2029"
"6701",0.00523560209424084,"2029"
"6703",0.00523560209424084,"2029"
"8715",0.00523560209424084,"2029"
"9023",0.00523560209424084,"2029"
"9602",0.00523560209424084,"2029"
"9604",0.00523560209424084,"2029"
"9610",0.00523560209424084,"2029"
"9611",0.00523560209424084,"2029"
"9614",0.00523560209424084,"2029"
"9617",0.00523560209424084,"2029"
"9618",0.00523560209424084,"2029"
"5402",0.404761904761905,"2030"
"5503",0.142857142857143,"2030"
"5403",0.119047619047619,"2030"
"5501",0.119047619047619,"2030"
"5404",0.0952380952380952,"2030"
"5504",0.0476190476190476,"2030"
"3306",0.0238095238095238,"2030"
"5405",0.0238095238095238,"2030"
"5502",0.0238095238095238,"2030"
"2939",0.160377358490566,"2100"
"2933",0.0943396226415094,"2100"
"2936",0.0943396226415094,"2100"
"2937",0.0849056603773585,"2100"
"3004",0.0754716981132075,"2100"
"3006",0.0660377358490566,"2100"
"2924",0.0566037735849057,"2100"
"2941",0.0566037735849057,"2100"
"3003",0.0566037735849057,"2100"
"2844",0.0377358490566038,"2100"
"3002",0.0377358490566038,"2100"
"2918",0.0283018867924528,"2100"
"2923",0.0283018867924528,"2100"
"2922",0.0188679245283019,"2100"
"2938",0.0188679245283019,"2100"
"3001",0.0188679245283019,"2100"
"3005",0.0188679245283019,"2100"
"2932",0.00943396226415094,"2100"
"2934",0.00943396226415094,"2100"
"2935",0.00943396226415094,"2100"
"2940",0.00943396226415094,"2100"
"8401",0.00943396226415094,"2100"
"4011",0.590909090909091,"2211"
"4012",0.227272727272727,"2211"
"4013",0.136363636363636,"2211"
"4006",0.0454545454545455,"2211"
"9401",0.0701754385964912,"2219"
"4010",0.0584795321637427,"2219"
"9403",0.0584795321637427,"2219"
"4009",0.0467836257309941,"2219"
"6403",0.0467836257309941,"2219"
"9608",0.0467836257309941,"2219"
"4016",0.0409356725146199,"2219"
"9603",0.0409356725146199,"2219"
"6402",0.0292397660818713,"2219"
"9606",0.0292397660818713,"2219"
"4005",0.0233918128654971,"2219"
"4008",0.0233918128654971,"2219"
"6704",0.0233918128654971,"2219"
"9613",0.0233918128654971,"2219"
"4015",0.0175438596491228,"2219"
"5906",0.0175438596491228,"2219"
"6401",0.0175438596491228,"2219"
"6404",0.0175438596491228,"2219"
"6405",0.0175438596491228,"2219"
"6406",0.0175438596491228,"2219"
"6601",0.0175438596491228,"2219"
"7117",0.0175438596491228,"2219"
"9404",0.0175438596491228,"2219"
"9607",0.0175438596491228,"2219"
"9609",0.0175438596491228,"2219"
"9615",0.0175438596491228,"2219"
"3606",0.0116959064327485,"2219"
"4014",0.0116959064327485,"2219"
"5904",0.0116959064327485,"2219"
"6603",0.0116959064327485,"2219"
"6702",0.0116959064327485,"2219"
"9505",0.0116959064327485,"2219"
"9508",0.0116959064327485,"2219"
"9601",0.0116959064327485,"2219"
"9612",0.0116959064327485,"2219"
"9616",0.0116959064327485,"2219"
"3406",0.00584795321637427,"2219"
"3605",0.00584795321637427,"2219"
"4003",0.00584795321637427,"2219"
"4006",0.00584795321637427,"2219"
"4007",0.00584795321637427,"2219"
"4017",0.00584795321637427,"2219"
"4206",0.00584795321637427,"2219"
"6602",0.00584795321637427,"2219"
"6701",0.00584795321637427,"2219"
"6703",0.00584795321637427,"2219"
"8715",0.00584795321637427,"2219"
"9023",0.00584795321637427,"2219"
"9602",0.00584795321637427,"2219"
"9604",0.00584795321637427,"2219"
"9610",0.00584795321637427,"2219"
"9611",0.00584795321637427,"2219"
"9614",0.00584795321637427,"2219"
"9617",0.00584795321637427,"2219"
"9618",0.00584795321637427,"2219"
"3920",0.0711610486891386,"2220"
"9401",0.0449438202247191,"2220"
"3917",0.0374531835205993,"2220"
"4010",0.0374531835205993,"2220"
"9403",0.0374531835205993,"2220"
"4009",0.0299625468164794,"2220"
"6403",0.0299625468164794,"2220"
"9608",0.0299625468164794,"2220"
"3923",0.0262172284644195,"2220"
"4016",0.0262172284644195,"2220"
"9603",0.0262172284644195,"2220"
"3921",0.0224719101123595,"2220"
"4823",0.0224719101123595,"2220"
"3926",0.0187265917602996,"2220"
"4818",0.0187265917602996,"2220"
"6402",0.0187265917602996,"2220"
"9606",0.0187265917602996,"2220"
"3925",0.0149812734082397,"2220"
"4005",0.0149812734082397,"2220"
"4008",0.0149812734082397,"2220"
"6704",0.0149812734082397,"2220"
"9613",0.0149812734082397,"2220"
"3916",0.0112359550561798,"2220"
"3922",0.0112359550561798,"2220"
"4015",0.0112359550561798,"2220"
"4817",0.0112359550561798,"2220"
"5906",0.0112359550561798,"2220"
"6401",0.0112359550561798,"2220"
"6404",0.0112359550561798,"2220"
"6405",0.0112359550561798,"2220"
"6406",0.0112359550561798,"2220"
"6601",0.0112359550561798,"2220"
"7117",0.0112359550561798,"2220"
"9404",0.0112359550561798,"2220"
"9607",0.0112359550561798,"2220"
"9609",0.0112359550561798,"2220"
"9615",0.0112359550561798,"2220"
"3606",0.00749063670411985,"2220"
"3918",0.00749063670411985,"2220"
"3919",0.00749063670411985,"2220"
"3924",0.00749063670411985,"2220"
"4014",0.00749063670411985,"2220"
"4813",0.00749063670411985,"2220"
"4814",0.00749063670411985,"2220"
"4816",0.00749063670411985,"2220"
"4821",0.00749063670411985,"2220"
"4822",0.00749063670411985,"2220"
"5904",0.00749063670411985,"2220"
"6506",0.00749063670411985,"2220"
"6603",0.00749063670411985,"2220"
"6702",0.00749063670411985,"2220"
"9505",0.00749063670411985,"2220"
"9508",0.00749063670411985,"2220"
"9601",0.00749063670411985,"2220"
"9612",0.00749063670411985,"2220"
"9616",0.00749063670411985,"2220"
"3006",0.00374531835205993,"2220"
"3406",0.00374531835205993,"2220"
"3605",0.00374531835205993,"2220"
"4003",0.00374531835205993,"2220"
"4006",0.00374531835205993,"2220"
"4007",0.00374531835205993,"2220"
"4017",0.00374531835205993,"2220"
"4206",0.00374531835205993,"2220"
"4812",0.00374531835205993,"2220"
"5905",0.00374531835205993,"2220"
"6602",0.00374531835205993,"2220"
"6701",0.00374531835205993,"2220"
"6703",0.00374531835205993,"2220"
"8536",0.00374531835205993,"2220"
"8547",0.00374531835205993,"2220"
"8715",0.00374531835205993,"2220"
"9023",0.00374531835205993,"2220"
"9405",0.00374531835205993,"2220"
"9602",0.00374531835205993,"2220"
"9604",0.00374531835205993,"2220"
"9610",0.00374531835205993,"2220"
"9611",0.00374531835205993,"2220"
"9614",0.00374531835205993,"2220"
"9617",0.00374531835205993,"2220"
"9618",0.00374531835205993,"2220"
"9619",0.00374531835205993,"2220"
"7013",0.161290322580645,"2310"
"7019",0.112903225806452,"2310"
"7002",0.0806451612903226,"2310"
"7003",0.0645161290322581,"2310"
"7005",0.0645161290322581,"2310"
"7007",0.0645161290322581,"2310"
"7009",0.0483870967741935,"2310"
"7010",0.0483870967741935,"2310"
"7011",0.0483870967741935,"2310"
"7017",0.0483870967741935,"2310"
"7018",0.0483870967741935,"2310"
"7004",0.032258064516129,"2310"
"7015",0.032258064516129,"2310"
"7016",0.032258064516129,"2310"
"7001",0.0161290322580645,"2310"
"7006",0.0161290322580645,"2310"
"7008",0.0161290322580645,"2310"
"7014",0.0161290322580645,"2310"
"7020",0.0161290322580645,"2310"
"8546",0.0161290322580645,"2310"
"9405",0.0161290322580645,"2310"
"6902",0.333333333333333,"2391"
"6903",0.333333333333333,"2391"
"3816",0.111111111111111,"2391"
"6815",0.111111111111111,"2391"
"6901",0.111111111111111,"2391"
"6909",0.166666666666667,"2392"
"6904",0.0833333333333333,"2392"
"6905",0.0833333333333333,"2392"
"6907",0.0833333333333333,"2392"
"6908",0.0833333333333333,"2392"
"6910",0.0833333333333333,"2392"
"6911",0.0833333333333333,"2392"
"6913",0.0833333333333333,"2392"
"6914",0.0833333333333333,"2392"
"6906",0.0416666666666667,"2392"
"6912",0.0416666666666667,"2392"
"8546",0.0416666666666667,"2392"
"8547",0.0416666666666667,"2392"
"6909",0.266666666666667,"2393"
"6910",0.133333333333333,"2393"
"6911",0.133333333333333,"2393"
"6913",0.133333333333333,"2393"
"6914",0.133333333333333,"2393"
"6912",0.0666666666666667,"2393"
"8546",0.0666666666666667,"2393"
"8547",0.0666666666666667,"2393"
"2523",0.555555555555556,"2394"
"2522",0.333333333333333,"2394"
"2520",0.111111111111111,"2394"
"6810",0.307692307692308,"2395"
"6811",0.307692307692308,"2395"
"6809",0.230769230769231,"2395"
"3824",0.0769230769230769,"2395"
"6808",0.0769230769230769,"2395"
"6802",0.8,"2396"
"6801",0.1,"2396"
"6803",0.1,"2396"
"6804",0.15625,"2399"
"6812",0.15625,"2399"
"3801",0.125,"2399"
"6805",0.09375,"2399"
"6806",0.09375,"2399"
"6813",0.09375,"2399"
"6815",0.09375,"2399"
"6807",0.0625,"2399"
"6814",0.0625,"2399"
"2715",0.03125,"2399"
"2818",0.03125,"2399"
"7202",0.072463768115942,"2410"
"7208",0.0676328502415459,"2410"
"7219",0.0676328502415459,"2410"
"7304",0.0628019323671498,"2410"
"7216",0.0579710144927536,"2410"
"7210",0.0531400966183575,"2410"
"7306",0.0483091787439614,"2410"
"7307",0.0483091787439614,"2410"
"7209",0.0434782608695652,"2410"
"7225",0.0386473429951691,"2410"
"7228",0.0386473429951691,"2410"
"7305",0.0338164251207729,"2410"
"7211",0.0289855072463768,"2410"
"7212",0.0289855072463768,"2410"
"7226",0.0289855072463768,"2410"
"7214",0.0241545893719807,"2410"
"7222",0.0241545893719807,"2410"
"7207",0.0193236714975845,"2410"
"7213",0.0193236714975845,"2410"
"7217",0.0193236714975845,"2410"
"7220",0.0193236714975845,"2410"
"7302",0.0193236714975845,"2410"
"7201",0.0144927536231884,"2410"
"7205",0.0144927536231884,"2410"
"7215",0.0144927536231884,"2410"
"7218",0.0144927536231884,"2410"
"7227",0.0144927536231884,"2410"
"7203",0.00966183574879227,"2410"
"7206",0.00966183574879227,"2410"
"7224",0.00966183574879227,"2410"
"7229",0.00966183574879227,"2410"
"7301",0.00966183574879227,"2410"
"7221",0.00483091787439614,"2410"
"7223",0.00483091787439614,"2410"
"7303",0.00483091787439614,"2410"
"8112",0.0683229813664596,"2420"
"7110",0.0496894409937888,"2420"
"7409",0.0496894409937888,"2420"
"7403",0.0434782608695652,"2420"
"8102",0.0372670807453416,"2420"
"7408",0.031055900621118,"2420"
"8101",0.031055900621118,"2420"
"8104",0.031055900621118,"2420"
"2844",0.0248447204968944,"2420"
"7108",0.0248447204968944,"2420"
"7410",0.0248447204968944,"2420"
"7411",0.0248447204968944,"2420"
"7505",0.0248447204968944,"2420"
"7605",0.0248447204968944,"2420"
"7606",0.0248447204968944,"2420"
"7106",0.0186335403726708,"2420"
"7407",0.0186335403726708,"2420"
"7507",0.0186335403726708,"2420"
"7604",0.0186335403726708,"2420"
"7607",0.0186335403726708,"2420"
"7801",0.0186335403726708,"2420"
"7804",0.0186335403726708,"2420"
"7901",0.0186335403726708,"2420"
"8103",0.0186335403726708,"2420"
"8105",0.0186335403726708,"2420"
"8107",0.0186335403726708,"2420"
"8108",0.0186335403726708,"2420"
"8109",0.0186335403726708,"2420"
"8110",0.0186335403726708,"2420"
"7406",0.0124223602484472,"2420"
"7412",0.0124223602484472,"2420"
"7501",0.0124223602484472,"2420"
"7502",0.0124223602484472,"2420"
"7506",0.0124223602484472,"2420"
"7601",0.0124223602484472,"2420"
"7603",0.0124223602484472,"2420"
"7608",0.0124223602484472,"2420"
"7903",0.0124223602484472,"2420"
"8001",0.0124223602484472,"2420"
"2818",0.0062111801242236,"2420"
"7107",0.0062111801242236,"2420"
"7109",0.0062111801242236,"2420"
"7111",0.0062111801242236,"2420"
"7401",0.0062111801242236,"2420"
"7402",0.0062111801242236,"2420"
"7405",0.0062111801242236,"2420"
"7504",0.0062111801242236,"2420"
"7609",0.0062111801242236,"2420"
"7904",0.0062111801242236,"2420"
"7905",0.0062111801242236,"2420"
"8003",0.0062111801242236,"2420"
"8106",0.0062111801242236,"2420"
"8111",0.0062111801242236,"2420"
"8113",0.0062111801242236,"2420"
"8401",0.0062111801242236,"2420"
"7202",0.072463768115942,"2431"
"7208",0.0676328502415459,"2431"
"7219",0.0676328502415459,"2431"
"7304",0.0628019323671498,"2431"
"7216",0.0579710144927536,"2431"
"7210",0.0531400966183575,"2431"
"7306",0.0483091787439614,"2431"
"7307",0.0483091787439614,"2431"
"7209",0.0434782608695652,"2431"
"7225",0.0386473429951691,"2431"
"7228",0.0386473429951691,"2431"
"7305",0.0338164251207729,"2431"
"7211",0.0289855072463768,"2431"
"7212",0.0289855072463768,"2431"
"7226",0.0289855072463768,"2431"
"7214",0.0241545893719807,"2431"
"7222",0.0241545893719807,"2431"
"7207",0.0193236714975845,"2431"
"7213",0.0193236714975845,"2431"
"7217",0.0193236714975845,"2431"
"7220",0.0193236714975845,"2431"
"7302",0.0193236714975845,"2431"
"7201",0.0144927536231884,"2431"
"7205",0.0144927536231884,"2431"
"7215",0.0144927536231884,"2431"
"7218",0.0144927536231884,"2431"
"7227",0.0144927536231884,"2431"
"7203",0.00966183574879227,"2431"
"7206",0.00966183574879227,"2431"
"7224",0.00966183574879227,"2431"
"7229",0.00966183574879227,"2431"
"7301",0.00966183574879227,"2431"
"7221",0.00483091787439614,"2431"
"7223",0.00483091787439614,"2431"
"7303",0.00483091787439614,"2431"
NA,NA,"2431"
NA,NA,"2432"
"7308",0.625,"2511"
"7610",0.25,"2511"
"9406",0.125,"2511"
"7322",0.333333333333333,"2512"
"7309",0.166666666666667,"2512"
"7311",0.166666666666667,"2512"
"7611",0.166666666666667,"2512"
"7613",0.166666666666667,"2512"
"8402",0.5,"2513"
"8404",0.3,"2513"
"8401",0.2,"2513"
"9303",0.222222222222222,"2520"
"9305",0.222222222222222,"2520"
"9306",0.222222222222222,"2520"
"9301",0.166666666666667,"2520"
"8710",0.0555555555555556,"2520"
"9302",0.0555555555555556,"2520"
"9304",0.0555555555555556,"2520"
NA,NA,"2591"
NA,NA,"2592"
"8207",0.0763358778625954,"2593"
"8205",0.0687022900763359,"2593"
"8479",0.0687022900763359,"2593"
"8480",0.0687022900763359,"2593"
"8443",0.0610687022900763,"2593"
"8477",0.0610687022900763,"2593"
"8202",0.0534351145038168,"2593"
"8301",0.0534351145038168,"2593"
"8201",0.0458015267175573,"2593"
"8211",0.0458015267175573,"2593"
"8441",0.0458015267175573,"2593"
"8208",0.0381679389312977,"2593"
"8439",0.0381679389312977,"2593"
"8203",0.0305343511450382,"2593"
"8215",0.0305343511450382,"2593"
"8475",0.0305343511450382,"2593"
"8204",0.0229007633587786,"2593"
"8212",0.0229007633587786,"2593"
"8214",0.0229007633587786,"2593"
"8486",0.0229007633587786,"2593"
"8419",0.0152671755725191,"2593"
"8440",0.0152671755725191,"2593"
"8442",0.0152671755725191,"2593"
"8206",0.00763358778625954,"2593"
"8209",0.00763358778625954,"2593"
"8213",0.00763358778625954,"2593"
"8401",0.00763358778625954,"2593"
"8421",0.00763358778625954,"2593"
"8508",0.00763358778625954,"2593"
"7318",0.0524017467248908,"2599"
"7314",0.0436681222707424,"2599"
"8302",0.0349344978165939,"2599"
"9608",0.0349344978165939,"2599"
"8511",0.0305676855895196,"2599"
"9603",0.0305676855895196,"2599"
"7323",0.0262008733624454,"2599"
"7315",0.0218340611353712,"2599"
"7415",0.0218340611353712,"2599"
"8512",0.0218340611353712,"2599"
"8543",0.0218340611353712,"2599"
"9606",0.0218340611353712,"2599"
"6704",0.0174672489082969,"2599"
"7324",0.0174672489082969,"2599"
"7326",0.0174672489082969,"2599"
"8306",0.0174672489082969,"2599"
"8311",0.0174672489082969,"2599"
"8505",0.0174672489082969,"2599"
"8531",0.0174672489082969,"2599"
"8545",0.0174672489082969,"2599"
"9613",0.0174672489082969,"2599"
"6601",0.0131004366812227,"2599"
"7117",0.0131004366812227,"2599"
"7310",0.0131004366812227,"2599"
"7320",0.0131004366812227,"2599"
"7325",0.0131004366812227,"2599"
"7419",0.0131004366812227,"2599"
"7616",0.0131004366812227,"2599"
"8305",0.0131004366812227,"2599"
"8308",0.0131004366812227,"2599"
"8530",0.0131004366812227,"2599"
"9607",0.0131004366812227,"2599"
"9609",0.0131004366812227,"2599"
"9615",0.0131004366812227,"2599"
"3606",0.00873362445414847,"2599"
"5904",0.00873362445414847,"2599"
"6603",0.00873362445414847,"2599"
"6702",0.00873362445414847,"2599"
"7312",0.00873362445414847,"2599"
"7319",0.00873362445414847,"2599"
"7418",0.00873362445414847,"2599"
"7508",0.00873362445414847,"2599"
"7612",0.00873362445414847,"2599"
"7614",0.00873362445414847,"2599"
"7615",0.00873362445414847,"2599"
"8307",0.00873362445414847,"2599"
"8309",0.00873362445414847,"2599"
"9505",0.00873362445414847,"2599"
"9508",0.00873362445414847,"2599"
"9601",0.00873362445414847,"2599"
"9612",0.00873362445414847,"2599"
"9616",0.00873362445414847,"2599"
"3406",0.00436681222707424,"2599"
"3605",0.00436681222707424,"2599"
"4206",0.00436681222707424,"2599"
"6602",0.00436681222707424,"2599"
"6701",0.00436681222707424,"2599"
"6703",0.00436681222707424,"2599"
"7313",0.00436681222707424,"2599"
"7316",0.00436681222707424,"2599"
"7317",0.00436681222707424,"2599"
"7413",0.00436681222707424,"2599"
"7806",0.00436681222707424,"2599"
"7907",0.00436681222707424,"2599"
"8007",0.00436681222707424,"2599"
"8210",0.00436681222707424,"2599"
"8303",0.00436681222707424,"2599"
"8304",0.00436681222707424,"2599"
"8310",0.00436681222707424,"2599"
"8422",0.00436681222707424,"2599"
"8486",0.00436681222707424,"2599"
"8487",0.00436681222707424,"2599"
"8542",0.00436681222707424,"2599"
"8544",0.00436681222707424,"2599"
"8546",0.00436681222707424,"2599"
"8547",0.00436681222707424,"2599"
"8548",0.00436681222707424,"2599"
"8715",0.00436681222707424,"2599"
"9023",0.00436681222707424,"2599"
"9307",0.00436681222707424,"2599"
"9602",0.00436681222707424,"2599"
"9604",0.00436681222707424,"2599"
"9610",0.00436681222707424,"2599"
"9611",0.00436681222707424,"2599"
"9614",0.00436681222707424,"2599"
"9617",0.00436681222707424,"2599"
"9618",0.00436681222707424,"2599"
"3920",0.0541310541310541,"2610"
"3824",0.0484330484330484,"2610"
"3702",0.0455840455840456,"2610"
"8501",0.0398860398860399,"2610"
"8504",0.0313390313390313,"2610"
"8540",0.0313390313390313,"2610"
"3917",0.0284900284900285,"2610"
"8536",0.0284900284900285,"2610"
"3825",0.0256410256410256,"2610"
"8528",0.0256410256410256,"2610"
"8532",0.0256410256410256,"2610"
"3301",0.0227920227920228,"2610"
"8471",0.0227920227920228,"2610"
"8518",0.0227920227920228,"2610"
"8527",0.0227920227920228,"2610"
"8541",0.0227920227920228,"2610"
"3923",0.0199430199430199,"2610"
"8502",0.0199430199430199,"2610"
"8533",0.0199430199430199,"2610"
"8544",0.0199430199430199,"2610"
"3921",0.0170940170940171,"2610"
"8470",0.0170940170940171,"2610"
"8473",0.0170940170940171,"2610"
"8535",0.0170940170940171,"2610"
"3701",0.0142450142450142,"2610"
"3811",0.0142450142450142,"2610"
"3926",0.0142450142450142,"2610"
"8443",0.0142450142450142,"2610"
"8519",0.0142450142450142,"2610"
"8523",0.0142450142450142,"2610"
"3403",0.0113960113960114,"2610"
"3809",0.0113960113960114,"2610"
"3815",0.0113960113960114,"2610"
"3925",0.0113960113960114,"2610"
"8542",0.0113960113960114,"2610"
"3506",0.00854700854700855,"2610"
"3703",0.00854700854700855,"2610"
"3812",0.00854700854700855,"2610"
"3916",0.00854700854700855,"2610"
"3922",0.00854700854700855,"2610"
"8472",0.00854700854700855,"2610"
"3006",0.0056980056980057,"2610"
"3302",0.0056980056980057,"2610"
"3502",0.0056980056980057,"2610"
"3604",0.0056980056980057,"2610"
"3707",0.0056980056980057,"2610"
"3810",0.0056980056980057,"2610"
"3918",0.0056980056980057,"2610"
"3919",0.0056980056980057,"2610"
"3924",0.0056980056980057,"2610"
"6506",0.0056980056980057,"2610"
"8521",0.0056980056980057,"2610"
"8522",0.0056980056980057,"2610"
"8529",0.0056980056980057,"2610"
"8537",0.0056980056980057,"2610"
"8538",0.0056980056980057,"2610"
"1518",0.00284900284900285,"2610"
"3215",0.00284900284900285,"2610"
"3407",0.00284900284900285,"2610"
"3501",0.00284900284900285,"2610"
"3503",0.00284900284900285,"2610"
"3504",0.00284900284900285,"2610"
"3505",0.00284900284900285,"2610"
"3601",0.00284900284900285,"2610"
"3602",0.00284900284900285,"2610"
"3603",0.00284900284900285,"2610"
"3802",0.00284900284900285,"2610"
"3813",0.00284900284900285,"2610"
"3817",0.00284900284900285,"2610"
"3818",0.00284900284900285,"2610"
"3819",0.00284900284900285,"2610"
"3820",0.00284900284900285,"2610"
"3821",0.00284900284900285,"2610"
"3822",0.00284900284900285,"2610"
"3826",0.00284900284900285,"2610"
"8469",0.00284900284900285,"2610"
"8503",0.00284900284900285,"2610"
"8517",0.00284900284900285,"2610"
"8525",0.00284900284900285,"2610"
"8534",0.00284900284900285,"2610"
"8547",0.00284900284900285,"2610"
"9405",0.00284900284900285,"2610"
"8471",0.242424242424242,"2620"
"8470",0.181818181818182,"2620"
"8473",0.181818181818182,"2620"
"8443",0.151515151515152,"2620"
"8472",0.0909090909090909,"2620"
"8528",0.0909090909090909,"2620"
"8469",0.0303030303030303,"2620"
"8517",0.0303030303030303,"2620"
"8518",0.1,"2630"
"8527",0.1,"2630"
"8511",0.0875,"2630"
"8528",0.075,"2630"
"8512",0.0625,"2630"
"8517",0.0625,"2630"
"8519",0.0625,"2630"
"8543",0.0625,"2630"
"8505",0.05,"2630"
"8531",0.05,"2630"
"8545",0.05,"2630"
"8525",0.0375,"2630"
"8530",0.0375,"2630"
"8521",0.025,"2630"
"8522",0.025,"2630"
"8529",0.025,"2630"
"8422",0.0125,"2630"
"8486",0.0125,"2630"
"8542",0.0125,"2630"
"8544",0.0125,"2630"
"8546",0.0125,"2630"
"8547",0.0125,"2630"
"8548",0.0125,"2630"
"8518",0.2,"2640"
"8527",0.2,"2640"
"8528",0.15,"2640"
"8519",0.125,"2640"
"9504",0.125,"2640"
"8521",0.05,"2640"
"8522",0.05,"2640"
"8529",0.05,"2640"
"8525",0.025,"2640"
"9503",0.025,"2640"
"9030",0.0964912280701754,"2651"
"8511",0.0614035087719298,"2651"
"9015",0.0526315789473684,"2651"
"9027",0.0526315789473684,"2651"
"9031",0.0526315789473684,"2651"
"8512",0.043859649122807,"2651"
"8517",0.043859649122807,"2651"
"8543",0.043859649122807,"2651"
"9017",0.043859649122807,"2651"
"9032",0.043859649122807,"2651"
"8505",0.0350877192982456,"2651"
"8531",0.0350877192982456,"2651"
"8545",0.0350877192982456,"2651"
"9014",0.0350877192982456,"2651"
"9025",0.0350877192982456,"2651"
"9026",0.0350877192982456,"2651"
"9028",0.0350877192982456,"2651"
"8526",0.0263157894736842,"2651"
"8530",0.0263157894736842,"2651"
"9024",0.0263157894736842,"2651"
"9029",0.0263157894736842,"2651"
"8525",0.0175438596491228,"2651"
"9012",0.0175438596491228,"2651"
"8422",0.0087719298245614,"2651"
"8486",0.0087719298245614,"2651"
"8542",0.0087719298245614,"2651"
"8544",0.0087719298245614,"2651"
"8546",0.0087719298245614,"2651"
"8547",0.0087719298245614,"2651"
"8548",0.0087719298245614,"2651"
"9016",0.0087719298245614,"2651"
"9033",0.0087719298245614,"2651"
"9102",0.145833333333333,"2652"
"9101",0.125,"2652"
"9105",0.125,"2652"
"9108",0.104166666666667,"2652"
"9110",0.0833333333333333,"2652"
"9111",0.0833333333333333,"2652"
"9114",0.0833333333333333,"2652"
"9103",0.0416666666666667,"2652"
"9106",0.0416666666666667,"2652"
"9109",0.0416666666666667,"2652"
"9112",0.0416666666666667,"2652"
"9113",0.0416666666666667,"2652"
"9104",0.0208333333333333,"2652"
"9107",0.0208333333333333,"2652"
"9018",0.371428571428571,"2660"
"9021",0.228571428571429,"2660"
"9022",0.228571428571429,"2660"
"9019",0.0571428571428571,"2660"
"9402",0.0571428571428571,"2660"
"8419",0.0285714285714286,"2660"
"9020",0.0285714285714286,"2660"
"9006",0.0763888888888889,"2670"
"9030",0.0763888888888889,"2670"
"8518",0.0555555555555556,"2670"
"8527",0.0555555555555556,"2670"
"8528",0.0416666666666667,"2670"
"9001",0.0416666666666667,"2670"
"9015",0.0416666666666667,"2670"
"9027",0.0416666666666667,"2670"
"9031",0.0416666666666667,"2670"
"8519",0.0347222222222222,"2670"
"9017",0.0347222222222222,"2670"
"9002",0.0277777777777778,"2670"
"9007",0.0277777777777778,"2670"
"9010",0.0277777777777778,"2670"
"9011",0.0277777777777778,"2670"
"9013",0.0277777777777778,"2670"
"9014",0.0277777777777778,"2670"
"9025",0.0277777777777778,"2670"
"9026",0.0277777777777778,"2670"
"9028",0.0277777777777778,"2670"
"8526",0.0208333333333333,"2670"
"9003",0.0208333333333333,"2670"
"9005",0.0208333333333333,"2670"
"9024",0.0208333333333333,"2670"
"9029",0.0208333333333333,"2670"
"8521",0.0138888888888889,"2670"
"8522",0.0138888888888889,"2670"
"8529",0.0138888888888889,"2670"
"9004",0.0138888888888889,"2670"
"9008",0.0138888888888889,"2670"
"9012",0.0138888888888889,"2670"
"8525",0.00694444444444444,"2670"
"9016",0.00694444444444444,"2670"
"9033",0.00694444444444444,"2670"
"8501",0.269230769230769,"2710"
"8504",0.211538461538462,"2710"
"8536",0.173076923076923,"2710"
"8502",0.134615384615385,"2710"
"8535",0.115384615384615,"2710"
"8537",0.0384615384615385,"2710"
"8538",0.0384615384615385,"2710"
"8503",0.0192307692307692,"2710"
"9006",0.203703703703704,"2731"
"8544",0.12962962962963,"2731"
"9001",0.111111111111111,"2731"
"9002",0.0740740740740741,"2731"
"9007",0.0740740740740741,"2731"
"9010",0.0740740740740741,"2731"
"9011",0.0740740740740741,"2731"
"9013",0.0740740740740741,"2731"
"9003",0.0555555555555556,"2731"
"9005",0.0555555555555556,"2731"
"9004",0.037037037037037,"2731"
"9008",0.037037037037037,"2731"
"8544",1,"2732"
"3920",0.149606299212598,"2733"
"3917",0.078740157480315,"2733"
"8536",0.078740157480315,"2733"
"3923",0.0551181102362205,"2733"
"8511",0.0551181102362205,"2733"
"3921",0.047244094488189,"2733"
"8535",0.047244094488189,"2733"
"3926",0.0393700787401575,"2733"
"8512",0.0393700787401575,"2733"
"8543",0.0393700787401575,"2733"
"3925",0.031496062992126,"2733"
"8505",0.031496062992126,"2733"
"8531",0.031496062992126,"2733"
"8545",0.031496062992126,"2733"
"3916",0.0236220472440945,"2733"
"3922",0.0236220472440945,"2733"
"8530",0.0236220472440945,"2733"
"3918",0.015748031496063,"2733"
"3919",0.015748031496063,"2733"
"3924",0.015748031496063,"2733"
"6506",0.015748031496063,"2733"
"8537",0.015748031496063,"2733"
"8538",0.015748031496063,"2733"
"8547",0.015748031496063,"2733"
"3006",0.0078740157480315,"2733"
"8422",0.0078740157480315,"2733"
"8486",0.0078740157480315,"2733"
"8542",0.0078740157480315,"2733"
"8544",0.0078740157480315,"2733"
"8546",0.0078740157480315,"2733"
"8548",0.0078740157480315,"2733"
"9405",0.0078740157480315,"2733"
"8516",0.285714285714286,"2750"
"7321",0.142857142857143,"2750"
"8418",0.102040816326531,"2750"
"8510",0.0816326530612245,"2750"
"8450",0.0612244897959184,"2750"
"8508",0.0612244897959184,"2750"
"8509",0.0612244897959184,"2750"
"8403",0.0408163265306122,"2750"
"8414",0.0408163265306122,"2750"
"8419",0.0408163265306122,"2750"
"6301",0.0204081632653061,"2750"
"7322",0.0204081632653061,"2750"
"8422",0.0204081632653061,"2750"
"8451",0.0204081632653061,"2750"
"8501",0.0453074433656958,"2790"
"8459",0.0355987055016181,"2790"
"8504",0.0355987055016181,"2790"
"8540",0.0355987055016181,"2790"
"8467",0.0323624595469256,"2790"
"8479",0.0323624595469256,"2790"
"8539",0.0323624595469256,"2790"
"8462",0.029126213592233,"2790"
"8480",0.029126213592233,"2790"
"8532",0.029126213592233,"2790"
"8536",0.029126213592233,"2790"
"8443",0.0258899676375405,"2790"
"8460",0.0258899676375405,"2790"
"8465",0.0258899676375405,"2790"
"8477",0.0258899676375405,"2790"
"8515",0.0258899676375405,"2790"
"8541",0.0258899676375405,"2790"
"8544",0.0258899676375405,"2790"
"8466",0.0226537216828479,"2790"
"8502",0.0226537216828479,"2790"
"8511",0.0226537216828479,"2790"
"8533",0.0226537216828479,"2790"
"9405",0.0226537216828479,"2790"
"8441",0.0194174757281553,"2790"
"8535",0.0194174757281553,"2790"
"8439",0.0161812297734628,"2790"
"8461",0.0161812297734628,"2790"
"8486",0.0161812297734628,"2790"
"8512",0.0161812297734628,"2790"
"8542",0.0161812297734628,"2790"
"8543",0.0161812297734628,"2790"
"8456",0.0129449838187702,"2790"
"8458",0.0129449838187702,"2790"
"8463",0.0129449838187702,"2790"
"8468",0.0129449838187702,"2790"
"8475",0.0129449838187702,"2790"
"8505",0.0129449838187702,"2790"
"8531",0.0129449838187702,"2790"
"8545",0.0129449838187702,"2790"
"8457",0.00970873786407767,"2790"
"8464",0.00970873786407767,"2790"
"8530",0.00970873786407767,"2790"
"8419",0.00647249190938511,"2790"
"8440",0.00647249190938511,"2790"
"8442",0.00647249190938511,"2790"
"8513",0.00647249190938511,"2790"
"8537",0.00647249190938511,"2790"
"8538",0.00647249190938511,"2790"
"8401",0.00323624595469256,"2790"
"8421",0.00323624595469256,"2790"
"8422",0.00323624595469256,"2790"
"8503",0.00323624595469256,"2790"
"8508",0.00323624595469256,"2790"
"8523",0.00323624595469256,"2790"
"8534",0.00323624595469256,"2790"
"8546",0.00323624595469256,"2790"
"8547",0.00323624595469256,"2790"
"8548",0.00323624595469256,"2790"
"8501",0.112903225806452,"2811"
"8708",0.112903225806452,"2811"
"8413",0.0967741935483871,"2811"
"8504",0.0887096774193548,"2811"
"8411",0.0645161290322581,"2811"
"8412",0.0564516129032258,"2811"
"8502",0.0564516129032258,"2811"
"8414",0.0483870967741935,"2811"
"8481",0.0483870967741935,"2811"
"8711",0.0483870967741935,"2811"
"8802",0.0483870967741935,"2811"
"8406",0.032258064516129,"2811"
"8407",0.032258064516129,"2811"
"8410",0.032258064516129,"2811"
"8803",0.032258064516129,"2811"
"8409",0.0241935483870968,"2811"
"8805",0.0241935483870968,"2811"
"8408",0.0161290322580645,"2811"
"8503",0.00806451612903226,"2811"
"8714",0.00806451612903226,"2811"
"8801",0.00806451612903226,"2811"
"8413",0.129032258064516,"2812"
"4010",0.10752688172043,"2812"
"4009",0.0860215053763441,"2812"
"8482",0.0860215053763441,"2812"
"4016",0.0752688172043011,"2812"
"8483",0.0752688172043011,"2812"
"8412",0.0645161290322581,"2812"
"8414",0.0645161290322581,"2812"
"8481",0.0645161290322581,"2812"
"4005",0.043010752688172,"2812"
"4008",0.043010752688172,"2812"
"4015",0.032258064516129,"2812"
"5906",0.032258064516129,"2812"
"7315",0.032258064516129,"2812"
"4014",0.021505376344086,"2812"
"4003",0.010752688172043,"2812"
"4006",0.010752688172043,"2812"
"4007",0.010752688172043,"2812"
"4017",0.010752688172043,"2812"
"8413",0.4,"2813"
"8412",0.2,"2813"
"8414",0.2,"2813"
"8481",0.2,"2813"
"8482",0.444444444444444,"2814"
"8483",0.388888888888889,"2814"
"7315",0.166666666666667,"2814"
"8516",0.225806451612903,"2815"
"7321",0.112903225806452,"2815"
"8418",0.0806451612903226,"2815"
"8514",0.0806451612903226,"2815"
"8416",0.0645161290322581,"2815"
"8510",0.0645161290322581,"2815"
"8417",0.0483870967741935,"2815"
"8450",0.0483870967741935,"2815"
"8508",0.0483870967741935,"2815"
"8509",0.0483870967741935,"2815"
"8403",0.032258064516129,"2815"
"8414",0.032258064516129,"2815"
"8419",0.032258064516129,"2815"
"6301",0.0161290322580645,"2815"
"7322",0.0161290322580645,"2815"
"8422",0.0161290322580645,"2815"
"8451",0.0161290322580645,"2815"
"8517",0.0161290322580645,"2815"
"8426",0.25,"2816"
"8428",0.222222222222222,"2816"
"8425",0.194444444444444,"2816"
"8431",0.138888888888889,"2816"
"8427",0.0833333333333333,"2816"
"8709",0.0833333333333333,"2816"
"8716",0.0277777777777778,"2816"
"3824",0.0529595015576324,"2817"
"3702",0.0498442367601246,"2817"
"7318",0.0373831775700935,"2817"
"9401",0.0373831775700935,"2817"
"7314",0.0311526479750779,"2817"
"9403",0.0311526479750779,"2817"
"3825",0.0280373831775701,"2817"
"8528",0.0280373831775701,"2817"
"3301",0.0249221183800623,"2817"
"8302",0.0249221183800623,"2817"
"8471",0.0249221183800623,"2817"
"8518",0.0249221183800623,"2817"
"8527",0.0249221183800623,"2817"
"7323",0.0186915887850467,"2817"
"8470",0.0186915887850467,"2817"
"8473",0.0186915887850467,"2817"
"3701",0.0155763239875389,"2817"
"3811",0.0155763239875389,"2817"
"7315",0.0155763239875389,"2817"
"7415",0.0155763239875389,"2817"
"8443",0.0155763239875389,"2817"
"8519",0.0155763239875389,"2817"
"3403",0.0124610591900312,"2817"
"3809",0.0124610591900312,"2817"
"3815",0.0124610591900312,"2817"
"7324",0.0124610591900312,"2817"
"7326",0.0124610591900312,"2817"
"8306",0.0124610591900312,"2817"
"8311",0.0124610591900312,"2817"
"8523",0.0124610591900312,"2817"
"3506",0.00934579439252336,"2817"
"3703",0.00934579439252336,"2817"
"3812",0.00934579439252336,"2817"
"7310",0.00934579439252336,"2817"
"7320",0.00934579439252336,"2817"
"7325",0.00934579439252336,"2817"
"7419",0.00934579439252336,"2817"
"7616",0.00934579439252336,"2817"
"8305",0.00934579439252336,"2817"
"8308",0.00934579439252336,"2817"
"8472",0.00934579439252336,"2817"
"9404",0.00934579439252336,"2817"
"3302",0.00623052959501558,"2817"
"3502",0.00623052959501558,"2817"
"3604",0.00623052959501558,"2817"
"3707",0.00623052959501558,"2817"
"3810",0.00623052959501558,"2817"
"7312",0.00623052959501558,"2817"
"7319",0.00623052959501558,"2817"
"7418",0.00623052959501558,"2817"
"7508",0.00623052959501558,"2817"
"7612",0.00623052959501558,"2817"
"7614",0.00623052959501558,"2817"
"7615",0.00623052959501558,"2817"
"8307",0.00623052959501558,"2817"
"8309",0.00623052959501558,"2817"
"8521",0.00623052959501558,"2817"
"8522",0.00623052959501558,"2817"
"8529",0.00623052959501558,"2817"
"1518",0.00311526479750779,"2817"
"3006",0.00311526479750779,"2817"
"3215",0.00311526479750779,"2817"
"3407",0.00311526479750779,"2817"
"3501",0.00311526479750779,"2817"
"3503",0.00311526479750779,"2817"
"3504",0.00311526479750779,"2817"
"3505",0.00311526479750779,"2817"
"3601",0.00311526479750779,"2817"
"3602",0.00311526479750779,"2817"
"3603",0.00311526479750779,"2817"
"3802",0.00311526479750779,"2817"
"3813",0.00311526479750779,"2817"
"3817",0.00311526479750779,"2817"
"3818",0.00311526479750779,"2817"
"3819",0.00311526479750779,"2817"
"3820",0.00311526479750779,"2817"
"3821",0.00311526479750779,"2817"
"3822",0.00311526479750779,"2817"
"3826",0.00311526479750779,"2817"
"7313",0.00311526479750779,"2817"
"7316",0.00311526479750779,"2817"
"7317",0.00311526479750779,"2817"
"7413",0.00311526479750779,"2817"
"7806",0.00311526479750779,"2817"
"7907",0.00311526479750779,"2817"
"8007",0.00311526479750779,"2817"
"8210",0.00311526479750779,"2817"
"8303",0.00311526479750779,"2817"
"8304",0.00311526479750779,"2817"
"8310",0.00311526479750779,"2817"
"8469",0.00311526479750779,"2817"
"8487",0.00311526479750779,"2817"
"8517",0.00311526479750779,"2817"
"8525",0.00311526479750779,"2817"
"9307",0.00311526479750779,"2817"
"8459",0.122222222222222,"2818"
"8467",0.111111111111111,"2818"
"8462",0.1,"2818"
"8460",0.0888888888888889,"2818"
"8465",0.0888888888888889,"2818"
"8515",0.0888888888888889,"2818"
"8466",0.0777777777777778,"2818"
"8461",0.0555555555555556,"2818"
"8456",0.0444444444444444,"2818"
"8458",0.0444444444444444,"2818"
"8463",0.0444444444444444,"2818"
"8468",0.0444444444444444,"2818"
"8457",0.0333333333333333,"2818"
"8464",0.0333333333333333,"2818"
"8479",0.0111111111111111,"2818"
"8486",0.0111111111111111,"2818"
"8516",0.0542635658914729,"2819"
"8459",0.0426356589147287,"2819"
"9030",0.0426356589147287,"2819"
"8418",0.0387596899224806,"2819"
"8467",0.0387596899224806,"2819"
"8421",0.0348837209302326,"2819"
"8462",0.0348837209302326,"2819"
"8460",0.0310077519379845,"2819"
"8465",0.0310077519379845,"2819"
"8515",0.0310077519379845,"2819"
"7321",0.0271317829457364,"2819"
"8419",0.0271317829457364,"2819"
"8423",0.0271317829457364,"2819"
"8466",0.0271317829457364,"2819"
"8415",0.0232558139534884,"2819"
"9015",0.0232558139534884,"2819"
"9027",0.0232558139534884,"2819"
"9031",0.0232558139534884,"2819"
"8422",0.0193798449612403,"2819"
"8424",0.0193798449612403,"2819"
"8461",0.0193798449612403,"2819"
"8476",0.0193798449612403,"2819"
"9017",0.0193798449612403,"2819"
"8456",0.0155038759689922,"2819"
"8458",0.0155038759689922,"2819"
"8463",0.0155038759689922,"2819"
"8468",0.0155038759689922,"2819"
"8510",0.0155038759689922,"2819"
"9014",0.0155038759689922,"2819"
"9025",0.0155038759689922,"2819"
"9026",0.0155038759689922,"2819"
"9028",0.0155038759689922,"2819"
"8414",0.0116279069767442,"2819"
"8420",0.0116279069767442,"2819"
"8450",0.0116279069767442,"2819"
"8457",0.0116279069767442,"2819"
"8464",0.0116279069767442,"2819"
"8484",0.0116279069767442,"2819"
"8508",0.0116279069767442,"2819"
"8509",0.0116279069767442,"2819"
"8526",0.0116279069767442,"2819"
"9024",0.0116279069767442,"2819"
"9029",0.0116279069767442,"2819"
"8403",0.00775193798449612,"2819"
"8405",0.00775193798449612,"2819"
"9012",0.00775193798449612,"2819"
"6301",0.00387596899224806,"2819"
"7322",0.00387596899224806,"2819"
"8451",0.00387596899224806,"2819"
"8479",0.00387596899224806,"2819"
"8486",0.00387596899224806,"2819"
"8487",0.00387596899224806,"2819"
"9016",0.00387596899224806,"2819"
"9033",0.00387596899224806,"2819"
"8433",0.366666666666667,"2821"
"8432",0.233333333333333,"2821"
"8436",0.2,"2821"
"8701",0.0666666666666667,"2821"
"8424",0.0333333333333333,"2821"
"8434",0.0333333333333333,"2821"
"8437",0.0333333333333333,"2821"
"8716",0.0333333333333333,"2821"
"8459",0.0852713178294574,"2822"
"8467",0.0775193798449612,"2822"
"8462",0.0697674418604651,"2822"
"8460",0.062015503875969,"2822"
"8465",0.062015503875969,"2822"
"8515",0.062015503875969,"2822"
"8466",0.0542635658914729,"2822"
"8511",0.0542635658914729,"2822"
"8461",0.0387596899224806,"2822"
"8512",0.0387596899224806,"2822"
"8543",0.0387596899224806,"2822"
"8456",0.0310077519379845,"2822"
"8458",0.0310077519379845,"2822"
"8463",0.0310077519379845,"2822"
"8468",0.0310077519379845,"2822"
"8505",0.0310077519379845,"2822"
"8531",0.0310077519379845,"2822"
"8545",0.0310077519379845,"2822"
"8457",0.0232558139534884,"2822"
"8464",0.0232558139534884,"2822"
"8530",0.0232558139534884,"2822"
"8486",0.0155038759689922,"2822"
"8422",0.00775193798449612,"2822"
"8479",0.00775193798449612,"2822"
"8542",0.00775193798449612,"2822"
"8544",0.00775193798449612,"2822"
"8546",0.00775193798449612,"2822"
"8547",0.00775193798449612,"2822"
"8548",0.00775193798449612,"2822"
"8455",0.555555555555556,"2823"
"8454",0.444444444444444,"2823"
"8430",0.3,"2824"
"8429",0.266666666666667,"2824"
"8474",0.233333333333333,"2824"
"8431",0.1,"2824"
"8428",0.0333333333333333,"2824"
"8479",0.0333333333333333,"2824"
"8701",0.0333333333333333,"2824"
"8438",0.380952380952381,"2825"
"8419",0.0952380952380952,"2825"
"8434",0.0952380952380952,"2825"
"8435",0.0952380952380952,"2825"
"8437",0.0952380952380952,"2825"
"8478",0.0952380952380952,"2825"
"8417",0.0476190476190476,"2825"
"8421",0.0476190476190476,"2825"
"8479",0.0476190476190476,"2825"
"8448",0.101851851851852,"2826"
"8479",0.0833333333333333,"2826"
"8480",0.0833333333333333,"2826"
"8443",0.0740740740740741,"2826"
"8445",0.0740740740740741,"2826"
"8477",0.0740740740740741,"2826"
"8451",0.0648148148148148,"2826"
"8441",0.0555555555555556,"2826"
"8439",0.0462962962962963,"2826"
"8452",0.0462962962962963,"2826"
"8446",0.037037037037037,"2826"
"8447",0.037037037037037,"2826"
"8453",0.037037037037037,"2826"
"8475",0.037037037037037,"2826"
"8486",0.0277777777777778,"2826"
"8419",0.0185185185185185,"2826"
"8440",0.0185185185185185,"2826"
"8442",0.0185185185185185,"2826"
"8450",0.0185185185185185,"2826"
"8401",0.00925925925925926,"2826"
"8421",0.00925925925925926,"2826"
"8444",0.00925925925925926,"2826"
"8449",0.00925925925925926,"2826"
"8508",0.00925925925925926,"2826"
"9006",0.04,"2829"
"9030",0.04,"2829"
"8479",0.0327272727272727,"2829"
"8480",0.0327272727272727,"2829"
"8443",0.0290909090909091,"2829"
"8477",0.0290909090909091,"2829"
"9608",0.0290909090909091,"2829"
"9603",0.0254545454545455,"2829"
"8441",0.0218181818181818,"2829"
"8802",0.0218181818181818,"2829"
"9001",0.0218181818181818,"2829"
"9015",0.0218181818181818,"2829"
"9027",0.0218181818181818,"2829"
"9031",0.0218181818181818,"2829"
"8411",0.0181818181818182,"2829"
"8439",0.0181818181818182,"2829"
"9017",0.0181818181818182,"2829"
"9504",0.0181818181818182,"2829"
"9606",0.0181818181818182,"2829"
"6704",0.0145454545454545,"2829"
"8475",0.0145454545454545,"2829"
"8803",0.0145454545454545,"2829"
"9002",0.0145454545454545,"2829"
"9007",0.0145454545454545,"2829"
"9010",0.0145454545454545,"2829"
"9011",0.0145454545454545,"2829"
"9013",0.0145454545454545,"2829"
"9014",0.0145454545454545,"2829"
"9025",0.0145454545454545,"2829"
"9026",0.0145454545454545,"2829"
"9028",0.0145454545454545,"2829"
"9613",0.0145454545454545,"2829"
"6601",0.0109090909090909,"2829"
"7117",0.0109090909090909,"2829"
"8486",0.0109090909090909,"2829"
"8526",0.0109090909090909,"2829"
"8805",0.0109090909090909,"2829"
"9003",0.0109090909090909,"2829"
"9005",0.0109090909090909,"2829"
"9024",0.0109090909090909,"2829"
"9029",0.0109090909090909,"2829"
"9607",0.0109090909090909,"2829"
"9609",0.0109090909090909,"2829"
"9615",0.0109090909090909,"2829"
"3606",0.00727272727272727,"2829"
"5904",0.00727272727272727,"2829"
"6603",0.00727272727272727,"2829"
"6702",0.00727272727272727,"2829"
"8419",0.00727272727272727,"2829"
"8440",0.00727272727272727,"2829"
"8442",0.00727272727272727,"2829"
"9004",0.00727272727272727,"2829"
"9008",0.00727272727272727,"2829"
"9012",0.00727272727272727,"2829"
"9505",0.00727272727272727,"2829"
"9508",0.00727272727272727,"2829"
"9601",0.00727272727272727,"2829"
"9612",0.00727272727272727,"2829"
"9616",0.00727272727272727,"2829"
"3406",0.00363636363636364,"2829"
"3605",0.00363636363636364,"2829"
"4206",0.00363636363636364,"2829"
"6602",0.00363636363636364,"2829"
"6701",0.00363636363636364,"2829"
"6703",0.00363636363636364,"2829"
"8401",0.00363636363636364,"2829"
"8407",0.00363636363636364,"2829"
"8409",0.00363636363636364,"2829"
"8412",0.00363636363636364,"2829"
"8421",0.00363636363636364,"2829"
"8508",0.00363636363636364,"2829"
"8715",0.00363636363636364,"2829"
"8801",0.00363636363636364,"2829"
"9016",0.00363636363636364,"2829"
"9023",0.00363636363636364,"2829"
"9033",0.00363636363636364,"2829"
"9503",0.00363636363636364,"2829"
"9602",0.00363636363636364,"2829"
"9604",0.00363636363636364,"2829"
"9610",0.00363636363636364,"2829"
"9611",0.00363636363636364,"2829"
"9614",0.00363636363636364,"2829"
"9617",0.00363636363636364,"2829"
"9618",0.00363636363636364,"2829"
"8703",0.3,"2910"
"8704",0.233333333333333,"2910"
"8705",0.166666666666667,"2910"
"8407",0.133333333333333,"2910"
"8702",0.0666666666666667,"2910"
"8408",0.0333333333333333,"2910"
"8701",0.0333333333333333,"2910"
"8706",0.0333333333333333,"2910"
"8716",0.625,"2920"
"8707",0.25,"2920"
"8609",0.125,"2920"
"8708",0.175,"2930"
"9401",0.15,"2930"
"9403",0.125,"2930"
"8511",0.0875,"2930"
"8512",0.0625,"2930"
"8543",0.0625,"2930"
"8505",0.05,"2930"
"8531",0.05,"2930"
"8545",0.05,"2930"
"8530",0.0375,"2930"
"9404",0.0375,"2930"
"8409",0.025,"2930"
"8422",0.0125,"2930"
"8486",0.0125,"2930"
"8542",0.0125,"2930"
"8544",0.0125,"2930"
"8546",0.0125,"2930"
"8547",0.0125,"2930"
"8548",0.0125,"2930"
"9401",0.315789473684211,"3011"
"9403",0.263157894736842,"3011"
"8901",0.105263157894737,"3011"
"8905",0.0789473684210526,"3011"
"9404",0.0789473684210526,"3011"
"8906",0.0526315789473684,"3011"
"8907",0.0526315789473684,"3011"
"8902",0.0263157894736842,"3011"
"8904",0.0263157894736842,"3011"
"8903",1,"3012"
"9401",0.13953488372093,"3020"
"9403",0.116279069767442,"3020"
"8607",0.0930232558139535,"3020"
"8511",0.0813953488372093,"3020"
"8512",0.0581395348837209,"3020"
"8543",0.0581395348837209,"3020"
"8606",0.0581395348837209,"3020"
"8505",0.0465116279069767,"3020"
"8531",0.0465116279069767,"3020"
"8545",0.0465116279069767,"3020"
"8530",0.0348837209302326,"3020"
"9404",0.0348837209302326,"3020"
"8601",0.0232558139534884,"3020"
"8602",0.0232558139534884,"3020"
"8603",0.0232558139534884,"3020"
"8422",0.0116279069767442,"3020"
"8486",0.0116279069767442,"3020"
"8542",0.0116279069767442,"3020"
"8544",0.0116279069767442,"3020"
"8546",0.0116279069767442,"3020"
"8547",0.0116279069767442,"3020"
"8548",0.0116279069767442,"3020"
"8604",0.0116279069767442,"3020"
"8605",0.0116279069767442,"3020"
"8608",0.0116279069767442,"3020"
"9401",0.184615384615385,"3030"
"9403",0.153846153846154,"3030"
"8802",0.0923076923076923,"3030"
"8411",0.0769230769230769,"3030"
"8803",0.0615384615384615,"3030"
"9303",0.0615384615384615,"3030"
"9305",0.0615384615384615,"3030"
"9306",0.0615384615384615,"3030"
"8805",0.0461538461538462,"3030"
"9301",0.0461538461538462,"3030"
"9404",0.0461538461538462,"3030"
"8407",0.0153846153846154,"3030"
"8409",0.0153846153846154,"3030"
"8412",0.0153846153846154,"3030"
"8710",0.0153846153846154,"3030"
"8801",0.0153846153846154,"3030"
"9302",0.0153846153846154,"3030"
"9304",0.0153846153846154,"3030"
"9303",0.222222222222222,"3040"
"9305",0.222222222222222,"3040"
"9306",0.222222222222222,"3040"
"9301",0.166666666666667,"3040"
"8710",0.0555555555555556,"3040"
"9302",0.0555555555555556,"3040"
"9304",0.0555555555555556,"3040"
"8711",0.857142857142857,"3091"
"8714",0.142857142857143,"3091"
"8714",0.0919540229885057,"3092"
"9608",0.0919540229885057,"3092"
"9603",0.0804597701149425,"3092"
"9606",0.0574712643678161,"3092"
"6704",0.0459770114942529,"3092"
"9613",0.0459770114942529,"3092"
"6601",0.0344827586206897,"3092"
"7117",0.0344827586206897,"3092"
"9607",0.0344827586206897,"3092"
"9609",0.0344827586206897,"3092"
"9615",0.0344827586206897,"3092"
"3606",0.0229885057471264,"3092"
"5904",0.0229885057471264,"3092"
"6603",0.0229885057471264,"3092"
"6702",0.0229885057471264,"3092"
"8713",0.0229885057471264,"3092"
"9505",0.0229885057471264,"3092"
"9508",0.0229885057471264,"3092"
"9601",0.0229885057471264,"3092"
"9612",0.0229885057471264,"3092"
"9616",0.0229885057471264,"3092"
"3406",0.0114942528735632,"3092"
"3605",0.0114942528735632,"3092"
"4206",0.0114942528735632,"3092"
"6602",0.0114942528735632,"3092"
"6701",0.0114942528735632,"3092"
"6703",0.0114942528735632,"3092"
"8712",0.0114942528735632,"3092"
"8715",0.0114942528735632,"3092"
"9023",0.0114942528735632,"3092"
"9602",0.0114942528735632,"3092"
"9604",0.0114942528735632,"3092"
"9610",0.0114942528735632,"3092"
"9611",0.0114942528735632,"3092"
"9614",0.0114942528735632,"3092"
"9617",0.0114942528735632,"3092"
"9618",0.0114942528735632,"3092"
"8716",1,"3099"
"9401",0.461538461538462,"3100"
"9403",0.384615384615385,"3100"
"9404",0.115384615384615,"3100"
"8716",0.0384615384615385,"3100"
"9102",0.102941176470588,"3211"
"9101",0.0882352941176471,"3211"
"9105",0.0882352941176471,"3211"
"9108",0.0735294117647059,"3211"
"9110",0.0588235294117647,"3211"
"9111",0.0588235294117647,"3211"
"9114",0.0588235294117647,"3211"
"7113",0.0441176470588235,"3211"
"7114",0.0441176470588235,"3211"
"7102",0.0294117647058824,"3211"
"7103",0.0294117647058824,"3211"
"7105",0.0294117647058824,"3211"
"7115",0.0294117647058824,"3211"
"7116",0.0294117647058824,"3211"
"7118",0.0294117647058824,"3211"
"9103",0.0294117647058824,"3211"
"9106",0.0294117647058824,"3211"
"9109",0.0294117647058824,"3211"
"9112",0.0294117647058824,"3211"
"9113",0.0294117647058824,"3211"
"7101",0.0147058823529412,"3211"
"7104",0.0147058823529412,"3211"
"9104",0.0147058823529412,"3211"
"9107",0.0147058823529412,"3211"
"9608",0.0645161290322581,"3212"
"9102",0.0564516129032258,"3212"
"9603",0.0564516129032258,"3212"
"9101",0.0483870967741935,"3212"
"9105",0.0483870967741935,"3212"
"9108",0.0403225806451613,"3212"
"9606",0.0403225806451613,"3212"
"6704",0.032258064516129,"3212"
"9110",0.032258064516129,"3212"
"9111",0.032258064516129,"3212"
"9114",0.032258064516129,"3212"
"9613",0.032258064516129,"3212"
"6601",0.0241935483870968,"3212"
"7117",0.0241935483870968,"3212"
"9607",0.0241935483870968,"3212"
"9609",0.0241935483870968,"3212"
"9615",0.0241935483870968,"3212"
"3606",0.0161290322580645,"3212"
"5904",0.0161290322580645,"3212"
"6603",0.0161290322580645,"3212"
"6702",0.0161290322580645,"3212"
"9103",0.0161290322580645,"3212"
"9106",0.0161290322580645,"3212"
"9109",0.0161290322580645,"3212"
"9112",0.0161290322580645,"3212"
"9113",0.0161290322580645,"3212"
"9505",0.0161290322580645,"3212"
"9508",0.0161290322580645,"3212"
"9601",0.0161290322580645,"3212"
"9612",0.0161290322580645,"3212"
"9616",0.0161290322580645,"3212"
"3406",0.00806451612903226,"3212"
"3605",0.00806451612903226,"3212"
"4206",0.00806451612903226,"3212"
"6602",0.00806451612903226,"3212"
"6701",0.00806451612903226,"3212"
"6703",0.00806451612903226,"3212"
"8715",0.00806451612903226,"3212"
"9023",0.00806451612903226,"3212"
"9104",0.00806451612903226,"3212"
"9107",0.00806451612903226,"3212"
"9602",0.00806451612903226,"3212"
"9604",0.00806451612903226,"3212"
"9610",0.00806451612903226,"3212"
"9611",0.00806451612903226,"3212"
"9614",0.00806451612903226,"3212"
"9617",0.00806451612903226,"3212"
"9618",0.00806451612903226,"3212"
"9209",0.294117647058824,"3220"
"9201",0.176470588235294,"3220"
"9202",0.117647058823529,"3220"
"9205",0.117647058823529,"3220"
"9207",0.117647058823529,"3220"
"9208",0.117647058823529,"3220"
"9206",0.0588235294117647,"3220"
"9506",0.361702127659574,"3230"
"6403",0.170212765957447,"3230"
"6402",0.106382978723404,"3230"
"9507",0.0851063829787234,"3230"
"6401",0.0638297872340425,"3230"
"6404",0.0638297872340425,"3230"
"6405",0.0638297872340425,"3230"
"6406",0.0638297872340425,"3230"
"4203",0.0212765957446809,"3230"
"9504",0.833333333333333,"3240"
"9503",0.166666666666667,"3240"
"2939",0.0481586402266289,"3250"
"6302",0.0424929178470255,"3250"
"9018",0.0368271954674221,"3250"
"9006",0.0311614730878187,"3250"
"9030",0.0311614730878187,"3250"
"2933",0.028328611898017,"3250"
"2936",0.028328611898017,"3250"
"2937",0.0254957507082153,"3250"
"8421",0.0254957507082153,"3250"
"3004",0.0226628895184136,"3250"
"9021",0.0226628895184136,"3250"
"9022",0.0226628895184136,"3250"
"3006",0.0198300283286119,"3250"
"6306",0.0198300283286119,"3250"
"8423",0.0198300283286119,"3250"
"2924",0.0169971671388102,"3250"
"2941",0.0169971671388102,"3250"
"3003",0.0169971671388102,"3250"
"6304",0.0169971671388102,"3250"
"6305",0.0169971671388102,"3250"
"8415",0.0169971671388102,"3250"
"8419",0.0169971671388102,"3250"
"9001",0.0169971671388102,"3250"
"9015",0.0169971671388102,"3250"
"9027",0.0169971671388102,"3250"
"9031",0.0169971671388102,"3250"
"6303",0.0141643059490085,"3250"
"8418",0.0141643059490085,"3250"
"8424",0.0141643059490085,"3250"
"8476",0.0141643059490085,"3250"
"9017",0.0141643059490085,"3250"
"3002",0.0113314447592068,"3250"
"6301",0.0113314447592068,"3250"
"8422",0.0113314447592068,"3250"
"9002",0.0113314447592068,"3250"
"9007",0.0113314447592068,"3250"
"9010",0.0113314447592068,"3250"
"9011",0.0113314447592068,"3250"
"9013",0.0113314447592068,"3250"
"9014",0.0113314447592068,"3250"
"9025",0.0113314447592068,"3250"
"9026",0.0113314447592068,"3250"
"9028",0.0113314447592068,"3250"
"2918",0.0084985835694051,"3250"
"2923",0.0084985835694051,"3250"
"6307",0.0084985835694051,"3250"
"8420",0.0084985835694051,"3250"
"8484",0.0084985835694051,"3250"
"8526",0.0084985835694051,"3250"
"9003",0.0084985835694051,"3250"
"9005",0.0084985835694051,"3250"
"9024",0.0084985835694051,"3250"
"9029",0.0084985835694051,"3250"
"2922",0.0056657223796034,"3250"
"2938",0.0056657223796034,"3250"
"3001",0.0056657223796034,"3250"
"3005",0.0056657223796034,"3250"
"8405",0.0056657223796034,"3250"
"9004",0.0056657223796034,"3250"
"9008",0.0056657223796034,"3250"
"9012",0.0056657223796034,"3250"
"9019",0.0056657223796034,"3250"
"9402",0.0056657223796034,"3250"
"9404",0.0056657223796034,"3250"
"2932",0.0028328611898017,"3250"
"2934",0.0028328611898017,"3250"
"2935",0.0028328611898017,"3250"
"2940",0.0028328611898017,"3250"
"5805",0.0028328611898017,"3250"
"6308",0.0028328611898017,"3250"
"8414",0.0028328611898017,"3250"
"8487",0.0028328611898017,"3250"
"8804",0.0028328611898017,"3250"
"9016",0.0028328611898017,"3250"
"9020",0.0028328611898017,"3250"
"9033",0.0028328611898017,"3250"
"6204",0.0383435582822086,"3290"
"6104",0.0337423312883436,"3290"
"3920",0.0291411042944785,"3290"
"9506",0.0260736196319018,"3290"
"6203",0.0214723926380368,"3290"
"9018",0.0199386503067485,"3290"
"4202",0.0184049079754601,"3290"
"6103",0.0184049079754601,"3290"
"7318",0.0184049079754601,"3290"
"6108",0.0168711656441718,"3290"
"3917",0.0153374233128834,"3290"
"4010",0.0153374233128834,"3290"
"7314",0.0153374233128834,"3290"
"6211",0.0138036809815951,"3290"
"4009",0.0122699386503067,"3290"
"6107",0.0122699386503067,"3290"
"6112",0.0122699386503067,"3290"
"6201",0.0122699386503067,"3290"
"6202",0.0122699386503067,"3290"
"6208",0.0122699386503067,"3290"
"8302",0.0122699386503067,"3290"
"9021",0.0122699386503067,"3290"
"9022",0.0122699386503067,"3290"
"9608",0.0122699386503067,"3290"
"3923",0.0107361963190184,"3290"
"4016",0.0107361963190184,"3290"
"4601",0.0107361963190184,"3290"
"6207",0.0107361963190184,"3290"
"9603",0.0107361963190184,"3290"
"3921",0.00920245398773006,"3290"
"7323",0.00920245398773006,"3290"
"3926",0.00766871165644172,"3290"
"4203",0.00766871165644172,"3290"
"6116",0.00766871165644172,"3290"
"6206",0.00766871165644172,"3290"
"6210",0.00766871165644172,"3290"
"6214",0.00766871165644172,"3290"
"6804",0.00766871165644172,"3290"
"6812",0.00766871165644172,"3290"
"7315",0.00766871165644172,"3290"
"7415",0.00766871165644172,"3290"
"9606",0.00766871165644172,"3290"
"3801",0.00613496932515337,"3290"
"3925",0.00613496932515337,"3290"
"4005",0.00613496932515337,"3290"
"4008",0.00613496932515337,"3290"
"4602",0.00613496932515337,"3290"
"6102",0.00613496932515337,"3290"
"6212",0.00613496932515337,"3290"
"6704",0.00613496932515337,"3290"
"7324",0.00613496932515337,"3290"
"7326",0.00613496932515337,"3290"
"8306",0.00613496932515337,"3290"
"8311",0.00613496932515337,"3290"
"9507",0.00613496932515337,"3290"
"9613",0.00613496932515337,"3290"
"3916",0.00460122699386503,"3290"
"3922",0.00460122699386503,"3290"
"4015",0.00460122699386503,"3290"
"4901",0.00460122699386503,"3290"
"4905",0.00460122699386503,"3290"
"5906",0.00460122699386503,"3290"
"6101",0.00460122699386503,"3290"
"6105",0.00460122699386503,"3290"
"6106",0.00460122699386503,"3290"
"6111",0.00460122699386503,"3290"
"6114",0.00460122699386503,"3290"
"6117",0.00460122699386503,"3290"
"6205",0.00460122699386503,"3290"
"6209",0.00460122699386503,"3290"
"6215",0.00460122699386503,"3290"
"6506",0.00460122699386503,"3290"
"6601",0.00460122699386503,"3290"
"6805",0.00460122699386503,"3290"
"6806",0.00460122699386503,"3290"
"6813",0.00460122699386503,"3290"
"6815",0.00460122699386503,"3290"
"7117",0.00460122699386503,"3290"
"7310",0.00460122699386503,"3290"
"7320",0.00460122699386503,"3290"
"7325",0.00460122699386503,"3290"
"7419",0.00460122699386503,"3290"
"7616",0.00460122699386503,"3290"
"8305",0.00460122699386503,"3290"
"8308",0.00460122699386503,"3290"
"9607",0.00460122699386503,"3290"
"9609",0.00460122699386503,"3290"
"9615",0.00460122699386503,"3290"
"3606",0.00306748466257669,"3290"
"3918",0.00306748466257669,"3290"
"3919",0.00306748466257669,"3290"
"3924",0.00306748466257669,"3290"
"4014",0.00306748466257669,"3290"
"4420",0.00306748466257669,"3290"
"4421",0.00306748466257669,"3290"
"4503",0.00306748466257669,"3290"
"4504",0.00306748466257669,"3290"
"5904",0.00306748466257669,"3290"
"6213",0.00306748466257669,"3290"
"6217",0.00306748466257669,"3290"
"6603",0.00306748466257669,"3290"
"6702",0.00306748466257669,"3290"
"6807",0.00306748466257669,"3290"
"6814",0.00306748466257669,"3290"
"7312",0.00306748466257669,"3290"
"7319",0.00306748466257669,"3290"
"7418",0.00306748466257669,"3290"
"7508",0.00306748466257669,"3290"
"7612",0.00306748466257669,"3290"
"7614",0.00306748466257669,"3290"
"7615",0.00306748466257669,"3290"
"8307",0.00306748466257669,"3290"
"8309",0.00306748466257669,"3290"
"9019",0.00306748466257669,"3290"
"9402",0.00306748466257669,"3290"
"9505",0.00306748466257669,"3290"
"9508",0.00306748466257669,"3290"
"9601",0.00306748466257669,"3290"
"9612",0.00306748466257669,"3290"
"9616",0.00306748466257669,"3290"
"2715",0.00153374233128834,"3290"
"2818",0.00153374233128834,"3290"
"3006",0.00153374233128834,"3290"
"3406",0.00153374233128834,"3290"
"3605",0.00153374233128834,"3290"
"4003",0.00153374233128834,"3290"
"4006",0.00153374233128834,"3290"
"4007",0.00153374233128834,"3290"
"4017",0.00153374233128834,"3290"
"4201",0.00153374233128834,"3290"
"4205",0.00153374233128834,"3290"
"4206",0.00153374233128834,"3290"
"4414",0.00153374233128834,"3290"
"4417",0.00153374233128834,"3290"
"4419",0.00153374233128834,"3290"
"4501",0.00153374233128834,"3290"
"4502",0.00153374233128834,"3290"
"4903",0.00153374233128834,"3290"
"4904",0.00153374233128834,"3290"
"6113",0.00153374233128834,"3290"
"6216",0.00153374233128834,"3290"
"6501",0.00153374233128834,"3290"
"6502",0.00153374233128834,"3290"
"6504",0.00153374233128834,"3290"
"6505",0.00153374233128834,"3290"
"6507",0.00153374233128834,"3290"
"6602",0.00153374233128834,"3290"
"6701",0.00153374233128834,"3290"
"6703",0.00153374233128834,"3290"
"7313",0.00153374233128834,"3290"
"7316",0.00153374233128834,"3290"
"7317",0.00153374233128834,"3290"
"7413",0.00153374233128834,"3290"
"7806",0.00153374233128834,"3290"
"7907",0.00153374233128834,"3290"
"8007",0.00153374233128834,"3290"
"8210",0.00153374233128834,"3290"
"8303",0.00153374233128834,"3290"
"8304",0.00153374233128834,"3290"
"8310",0.00153374233128834,"3290"
"8419",0.00153374233128834,"3290"
"8487",0.00153374233128834,"3290"
"8536",0.00153374233128834,"3290"
"8547",0.00153374233128834,"3290"
"8715",0.00153374233128834,"3290"
"9020",0.00153374233128834,"3290"
"9023",0.00153374233128834,"3290"
"9113",0.00153374233128834,"3290"
"9307",0.00153374233128834,"3290"
"9405",0.00153374233128834,"3290"
"9602",0.00153374233128834,"3290"
"9604",0.00153374233128834,"3290"
"9605",0.00153374233128834,"3290"
"9610",0.00153374233128834,"3290"
"9611",0.00153374233128834,"3290"
"9614",0.00153374233128834,"3290"
"9617",0.00153374233128834,"3290"
"9618",0.00153374233128834,"3290"
"2716",0.5,"3510"
"2844",0.5,"3510"
"0408",0.121212121212121,"3530"
"0901",0.121212121212121,"3530"
"2101",0.121212121212121,"3530"
"2103",0.121212121212121,"3530"
"2102",0.0909090909090909,"3530"
"0902",0.0606060606060606,"3530"
"1901",0.0606060606060606,"3530"
"2104",0.0606060606060606,"3530"
"2106",0.0606060606060606,"3530"
"3502",0.0606060606060606,"3530"
"1602",0.0303030303030303,"3530"
"2005",0.0303030303030303,"3530"
"2007",0.0303030303030303,"3530"
"2209",0.0303030303030303,"3530"
NA,NA,"3530"
NA,NA,"3600"
NA,NA,"3700"
NA,NA,"3811"
"2844",0.8,"3812"
"8401",0.2,"3812"
NA,NA,"3812"
"3102",0.310344827586207,"3821"
"3105",0.275862068965517,"3821"
"3104",0.103448275862069,"3821"
"2814",0.0689655172413793,"3821"
"2834",0.0689655172413793,"3821"
"3103",0.0689655172413793,"3821"
"2808",0.0344827586206897,"3821"
"2827",0.0344827586206897,"3821"
"3101",0.0344827586206897,"3821"
NA,NA,"3821"
"2844",0.8,"3822"
"8401",0.2,"3822"
NA,NA,"3822"
NA,NA,"3830"
NA,NA,"4220"
NA,NA,"4290"
NA,NA,"4311"
NA,NA,"4312"
NA,NA,"4390"
NA,NA,"4530"
NA,NA,"4540"
NA,NA,"4610"
NA,NA,"4620"
NA,NA,"4630"
NA,NA,"4641"
NA,NA,"4649"
NA,NA,"4651"
NA,NA,"4652"
NA,NA,"4653"
NA,NA,"4659"
NA,NA,"4661"
NA,NA,"4662"
NA,NA,"4663"
NA,NA,"4669"
NA,NA,"4911"
NA,NA,"4922"
NA,NA,"4923"
NA,NA,"4930"
NA,NA,"5011"
NA,NA,"5012"
NA,NA,"5021"
NA,NA,"5022"
NA,NA,"5110"
NA,NA,"5120"
NA,NA,"5210"
NA,NA,"5221"
NA,NA,"5222"
NA,NA,"5223"
NA,NA,"5224"
NA,NA,"5229"
NA,NA,"5510"
NA,NA,"5520"
NA,NA,"5590"
"3706",1,"5911"
NA,NA,"5911"
"3706",1,"5912"
NA,NA,"5912"
"3706",1,"5913"
NA,NA,"5913"
NA,NA,"5914"
"4901",0.230769230769231,"5920"
"4905",0.230769230769231,"5920"
"8523",0.230769230769231,"5920"
"3706",0.153846153846154,"5920"
"4903",0.0769230769230769,"5920"
"4904",0.0769230769230769,"5920"
NA,NA,"5920"
NA,NA,"6190"
NA,NA,"6201"
NA,NA,"6202"
NA,NA,"6209"
NA,NA,"6311"
NA,NA,"6810"
NA,NA,"6910"
NA,NA,"6920"
NA,NA,"7010"
NA,NA,"7020"
"4906",1,"7110"
NA,NA,"7210"
NA,NA,"7220"
NA,NA,"7310"
NA,NA,"7320"
"4906",1,"7410"
NA,NA,"7410"
"4906",1,"7490"
NA,NA,"7490"
NA,NA,"7710"
NA,NA,"7721"
NA,NA,"7730"
NA,NA,"7740"
NA,NA,"7810"
NA,NA,"7830"
NA,NA,"7911"
NA,NA,"7912"
"9701",0.285714285714286,"7990"
"9702",0.142857142857143,"7990"
"9703",0.142857142857143,"7990"
"9704",0.142857142857143,"7990"
"9705",0.142857142857143,"7990"
"9706",0.142857142857143,"7990"
NA,NA,"7990"
NA,NA,"8110"
NA,NA,"8129"
NA,NA,"8219"
NA,NA,"8220"
NA,NA,"8230"
NA,NA,"8291"
NA,NA,"8292"
NA,NA,"8299"
