Clúster,Clave CIIU4,Actividad CIIU4,Empleo,RCA,PCI
C1 Manufactura avanzada y metalmecánica,2651,"  Fabricación de equipo de medición, prueba, navegación y control",1629,1.02,3.78
"C2 Química, materiales y farmacéutica",2013,  Fabricación de plásticos y caucho sintético en formas primarias,868,1.31,2.93
"C2 Química, materiales y farmacéutica",2100,"  Fabricación de productos farmacéuticos, sustancias químicas medicinales y productos botánicos de uso farmacéutico",2869,1.28,0.08
"C2 Química, materiales y farmacéutica",2391,  Fabricación de productos refractarios,112,1.15,-0.59
"C2 Química, materiales y farmacéutica",2394,"  Fabricación de cemento, cal y yeso",676,2.74,-1.19
"C2 Química, materiales y farmacéutica",2023,"  Fabricación de jabones y detergentes, preparados para limpiar y pulir, perfumes y preparados de tocador",2090,1.53,-1.25
C3 Agroindustria y alimentos procesados,1062,  Elaboración de almidones y productos derivados del almidón,330,5.05,1.32
C3 Agroindustria y alimentos procesados,1103,  Elaboración de bebidas malteadas y de malta,925,2.42,-0.31
C3 Agroindustria y alimentos procesados,1050,  Elaboración de productos lácteos,4783,2.74,-0.63
C3 Agroindustria y alimentos procesados,1080,  Elaboración de piensos preparados para animales,2036,3.47,-0.88
C3 Agroindustria y alimentos procesados,1020,"  Elaboración y conservación de pescado, crustáceos y moluscos",2923,3.46,-1.11
C4 Servicios empresariales intensivos en conocimiento (KIBS),7320,  Estudios de mercado y encuestas de opinión pública,1237,2.53,-0.37
C4 Servicios empresariales intensivos en conocimiento (KIBS),8220,  Actividades de centros de llamadas,3662,1.55,-2.74
C5 Turismo,7990,  Otros servicios de reservas y actividades conexas,962,3.38,1.45
C5 Turismo,7721,  Alquiler y arrendamiento de equipo recreativo y deportivo,178,1.63,0.6
C5 Turismo,5110,  Transporte de pasajeros por vía aérea,1009,1.47,0.3
C5 Turismo,5011,  Transporte de pasajeros marítimo y de cabotaje,576,1.33,-0.2
C5 Turismo,5222,  Actividades de servicios vinculadas al transporte acuático,1560,3.06,-0.54
C5 Turismo,7710,  Alquiler y arrendamiento de vehículos automotores,795,1.08,-0.77
C6 Industria textil y de confección,2030,  Fabricación de fibras artificiales,857,7.39,1.1
C6 Industria textil y de confección,1313,  Acabado de productos textiles,71320,100.29,-1.28
C6 Industria textil y de confección,1391,  Fabricación de tejidos de punto y ganchillo,2839,26.87,-1.57
C6 Industria textil y de confección,1311,  Preparación e hilatura de fibras textiles,9914,31.93,-2.14
C6 Industria textil y de confección,1399,  Fabricación de otros productos textiles n.c.p.,3752,6.3,-2.64
C6 Industria textil y de confección,1392,"  Fabricación de artículos confeccionados de materiales textiles, excepto prendas de vestir",9677,13.38,-3.06
C6 Industria textil y de confección,1410,"  Fabricación de prendas de vestir, excepto prendas de piel",16142,4.69,-3.35
