name,gdp,pob_2020
"Aberdeen, SD",1999566649.6000001,41522
"Aberdeen, WA",11033102056.333334,77893
"Abilene, TX",7916582880.0,184278
"Ada, OK",1305847430.0,38310
"Adrian, MI",4206401364.0,97746
"Akron, OH",39871270973.55556,702209
"Alamogordo, NM",3840637916.5714283,69711
"Albany, GA",5659986098.6470585,145451
"Albany, OR",7945525572.0,132474
"Albany-Schenectady-Troy, NY",53134486248.21429,913485
"Albemarle, NC",3255324310.0,67326
"Albert Lea, MN",1210116691.6000001,30314
"Albertville, AL",4258845331.5,102156
"Albuquerque, NM",54200411168.61538,926303
"Alexander City, AL",1598679976.5714285,40699
"Alexandria, LA",5423670933.333333,148008
"Alexandria, MN",1310193743.4,39933
"Alice, TX",1633349965.3333333,45626
"Allentown-Bethlehem-Easton, PA-NJ",101285939096.0,886418
"Alma, MI",1810090013.142857,41372
"Alpena, MI",1193838415.0,28903
"Altoona, PA",4466069046.0,120269
"Altus, OK",810378878.5714285,24541
"Amarillo, TX",13393014290.0,274650
"Americus, GA",1306716710.0,33475
"Ames, IA",6924176500.5,129227
"Amsterdam, NY",3097369916.7999997,49648
"Anchorage, AK",25461574557.857143,407213
"Andrews, TX",1731170655.0,18923
"Angola, IN",1575849555.0,34862
"Ann Arbor, MI",19475843089.285713,373875
"Anniston-Oxford, AL",5310654607.2,116427
"Appleton, WI",14297673955.555555,248992
"Arcadia, FL",1819801716.0,36744
"Ardmore, OK",1629442947.142857,49135
"Arkadelphia, AR",755758908.5714285,20920
"Arkansas City-Winfield, KS",1334330859.0,34186
"Asheville, NC",18190199059.75,422333
"Ashland, OH",2564753340.0,52420
"Astoria, OR",2336379615.5,41043
"Atchison, KS",824305676.625,16249
"Athens, OH",2361895600.25,63218
"Athens, TN",3087792978.7142854,70691
"Athens, TX",4647646512.0,87467
"Athens-Clarke County, GA",11311341313.400002,223689
"Atlanta-Sandy Springs-Roswell, GA",343020206392.04254,6411149
"Atlantic City-Hammonton, NJ",34479849138.0,372989
"Auburn, IN",2167338030.0,44330
"Auburn, NY",3867100545.25,74567
"Auburn-Opelika, AL",8570673624.0,206006
"Augusta-Richmond County, GA-SC",26236995364.0,636760
"Augusta-Waterville, ME",5158057829.857142,128461
"Austin, MN",1621087860.0,40900
"Austin-Round Rock-San Marcos, TX",232174647938.7143,2550637
"Bainbridge, GA",1115304475.7142856,29391
"Bakersfield-Delano, CA",81275266164.5,922529
"Baltimore-Columbia-Towson, MD",250944934863.0,2859024
"Bangor, ME",7053498102.857142,156840
"Baraboo, WI",3381056882.0,66486
"Barnstable Town, MA",22820814965.0,232570
"Barre, VT",3567669878.0,59844
"Bartlesville, OK",2541284916.0,54060
"Batavia, NY",2960952578.857143,57604
"Batesville, AR",1235178726.25,38345
"Baton Rouge, LA",39166149472.84211,882652
"Battle Creek, MI",6130112315.625,133785
"Bay City, MI",4434446211.75,102651
"Bay City, TX",3580898660.666667,36391
"Beatrice, NE",886607934.0,21687
"Beaumont-Port Arthur, TX",26891464909.714283,398733
"Beaver Dam, WI",4492154752.5,88635
"Beckley, WV",4954188877.0,110979
"Bedford, IN",2030160216.0,45192
"Beeville, TX",1650381532.8000002,31226
"Bellefontaine, OH",1973885069.0,46085
"Bellingham, WA",15246791604.0,234954
"Bemidji, MN",1879479087.1111112,46762
"Bend, OR",14043217634.875,264407
"Bennington, VT",2116838112.3999999,37039
"Big Rapids, MI",1784047857.0,41947
"Big Spring, TX",2224683171.3333335,30833
"Billings, MT",9965954648.571428,192531
"Binghamton, NY",12950170435.222223,243971
"Birmingham, AL",47184004311.818184,1192583
"Bismarck, ND",6421379007.153846,139183
"Blackfoot, ID",2323718962.5,50889
"Blacksburg-Christiansburg-Radford, VA",7245114773.642858,182041
"Bloomington, IL",11604256884.88889,172069
"Bloomington, IN",7513578950.333334,162553
"Bloomsburg-Berwick, PA",4207736904.0,66012
"Bluefield, WV-VA",4020551652.6,96399
"Blytheville, AR",1568915364.2857144,38095
"Bogalusa, LA",2006392275.0,45090
"Boise City, ID",37078679944.2,845877
"Bonham, TX",2242389258.3333335,38650
"Boone, NC",2142692286.1666665,54997
"Borger, TX",605007411.6666666,19721
"Boston-Cambridge-Newton, MA-NH",410413243132.375,5025517
"Boulder, CO",19583309912.57143,330262
"Bowling Green, KY",8498156835.214286,195159
"Bozeman, MT",7168105706.666667,126984
"Bradford, PA",1243817554.8,39478
"Brainerd, MN",3009676006.0,100084
"Branson, MO",1799789979.4285715,56744
"Breckenridge, CO",1926211982.1666665,38251
"Bremerton-Silverdale-Port Orchard, WA",39472391330.0,281420
"Brenham, TX",4241469085.0,37810
"Brevard, NC",1504034865.2857141,34103
"Bridgeport-Stamford-Danbury, CT",99239520333.0,972679
"Brookhaven, MS",1674091778.4,34956
"Brookings, OR",2577615977.6,22774
"Brookings, SD",1848261286.3333333,36359
"Brownsville-Harlingen, TX",14378597019.0,431874
"Brownwood, TX",1994814701.0,38631
"Brunswick-St. Simons, GA",5778456966.0,117135
"Bucyrus, OH",1959009749.6666665,41626
"Buffalo-Cheektowaga, NY",57296254392.0,1160172
"Burley, ID",3053542781.2,48667
"Burlington, IA-IL",2101132340.0,44459
"Burlington, NC",8682746453.333334,183040
"Burlington-South Burlington, VT",12514695116.666668,229445
"Butte-Silver Bow, MT",1838288342.8,36134
"Cadillac, MI",2078009065.888889,49699
"Calhoun, GA",3284401419.375,60765
"Cambridge, MD",3423102379.2,33138
"Cambridge, OH",1625787121.2857141,38219
"Camden, AR",933594387.4285715,26374
"Campbellsville, KY",1549464725.0,38361
"Cañon City, CO",2632324533.75,50093
"Canton, IL",1565584070.0,32510
"Canton-Massillon, OH",21786769992.0,400551
"Cape Coral-Fort Myers, FL",79425534051.59999,860959
"Cape Girardeau, MO-IL",3995363930.727273,98862
"Carbondale, IL",2136232444.5,53199
"Carlsbad-Artesia, NM",4198802462.6666665,61436
"Carroll, IA",669160835.25,20407
"Carson City, NV",3497334719.2000003,58148
"Casper, WY",4696279041.666666,80410
"Cedar City, UT",5415301701.333334,65936
"Cedar Rapids, IA",13642330634.916666,278677
"Cedartown, GA",2316176691.428571,44610
"Celina, OH",2035390016.0,42648
"Centralia, IL",1556801189.1666667,36437
"Centralia, WA",9036618867.857143,87049
"Chambersburg, PA",10497483243.333334,159285
"Champaign-Urbana, IL",19620993931.0,242453
"Charleston, WV",8598798829.142857,202091
"Charleston-Mattoon, IL",1949281874.4285715,46423
"Charleston-North Charleston, SC",40474175985.0,869940
"Charlotte-Concord-Gastonia, NC-SC",152979963385.2,2883370
"Charlottesville, VA",12742713250.666668,227336
"Chattanooga, TN-GA",27697526400.0,588050
"Cheyenne, WY",7317200226.599999,101783
"Chicago-Naperville-Elgin, IL-IN",830961316068.0,9408576
"Chico, CA",12590218860.0,208334
"Chillicothe, OH",2885651021.75,76046
"Cincinnati, OH-KY-IN",113168128957.25807,2302815
"Clarksburg, WV",4139012932.5000005,88525
"Clarksdale, MS",745887458.0,20105
"Clarksville, TN-KY",14744700944.285715,345955
"Clearlake, CA",9060472745.142857,67764
"Cleveland, MS",1063487400.0000001,28395
"Cleveland, TN",6294830976.0,132120
"Clewiston, FL",5386086132.0,59262
"Clinton, IA",3039206389.166667,46015
"Clovis, NM",3975589364.0,65869
"Coeur d'Alene, ID",5865194286.333333,188323
"Coldwater, MI",2111862085.8333333,46187
"College Station-Bryan, TX",33942682514.22222,287462
"Colorado Springs, CO",34550019408.666664,777634
"Columbia, MO",10385158297.5,219426
"Columbia, SC",37048100577.947365,870193
"Columbus, GA-AL",12997433077.11111,324343
"Columbus, IN",4016568041.5,84741
"Columbus, MS",2949506482.5,67035
"Columbus, NE",2176827191.666667,46325
"Columbus, OH",95287904214.46155,2225377
"Concord, NH",11401141311.0,157869
"Connersville, IN",1093146743.0,23335
"Cookeville, TN",5729645774.272727,149929
"Coos Bay-North Bend, OR",6198045962.0,64326
"Cordele, GA",743627539.4285715,19468
"Corinth, MS",1350953489.0,34228
"Cornelia, GA",2304654660.0,49665
"Corning, NY",4260212708.888889,92015
"Corpus Christi, TX",20579948559.555553,450187
"Corsicana, TX",2526866807.6,56533
"Cortland, NY",2603473425.0,45945
"Corvallis, OR",6096173919.6,98899
"Coshocton, OH",1553669629.6666665,37003
"Crawfordsville, IN",1831055187.0,38633
"Crescent City, CA",3675330702.0,27009
"Crestview-Fort Walton Beach-Destin, FL",13281466320.0,310149
"Crossville, TN",2561442375.333333,65618
"Cullman, AL",3511887637.7142854,92604
"Cumberland, MD-WV",10740948027.777779,93875
"Dallas-Fort Worth-Arlington, TX",434714531163.4286,8344032
"Dalton, GA",7704776162.571429,146386
"Danville, IL",4578657552.0,71106
"Danville, KY",1736352800.0,56304
"Danville, VA",4250668898.5714283,101403
"Daphne-Fairhope-Foley, AL",9669249686.666668,261608
"Davenport-Moline-Rock Island, IA-IL",21481542378.0,381801
"Decatur, AL",6745845458.7,159651
"Decatur, IL",4688818056.0,100737
"Decatur, IN",1695015985.3333333,36584
"Defiance, OH",1966670448.0,38644
"Del Rio, TX",2357242889.75,47999
"Deltona-Daytona Beach-Ormond Beach, FL",35539659928.0,739516
"Deming, NM",1475261650.0,25878
"Denver-Aurora-Centennial, CO",174276268314.0,3052498
"DeRidder, LA",1883511539.1666667,36695
"Des Moines-West Des Moines, IA",45123269413.545456,753913
"Detroit-Warren-Dearborn, MI",215074435915.73334,4400578
"Dickinson, ND",1589505575.6666667,38861
"Dixon, IL",4316810904.0,33544
"Dodge City, KS",1389285800.0,34072
"Dothan, AL",6151793734.0,154766
"Douglas, GA",1980096963.0,52286
"Dover, DE",17079986545.714287,192690
"Dublin, GA",2162973963.5,59465
"DuBois, PA",3576179772.0,78132
"Dubuque, IA",4757810343.0,99242
"Duluth, MN-WI",12512726907.5,281815
"Dumas, TX",942411362.2857143,21872
"Duncan, OK",1710638900.0,44075
"Durango, CO",3034609585.7999997,56823
"Durant, OK",2726145328.3333335,50305
"Durham-Chapel Hill, NC",32735356054.545456,620522
"Dyersburg, TN",1263402518.0,36403
"Eagle Pass, TX",2990325133.2000003,58829
"Easton, MD",4686088312.0,38244
"East Stroudsburg, PA",19841437480.666664,166523
"Eau Claire, WI",6953879883.636364,176153
"Edwards, CO",3415944420.0,54330
"Effingham, IL",1810100129.25,44907
"El Campo, TX",4203920350.0,42035
"El Centro, CA",18504727765.0,181724
"El Dorado, AR",1196547282.0,37008
"Elizabeth City, NC",1746239829.75,41418
"Elizabethtown, KY",5907738543.200001,127954
"Elk City, OK",743122134.0,22248
"Elkhart-Goshen, IN",9626150554.4,207436
"Elkins, WV",1501554155.0,27190
"Elko, NV",2937256705.4545455,56240
"Ellensburg, WA",3651028138.0,48172
"Elmira, NY",4131094247.142857,81115
"El Paso, TX",36382352389.33333,879392
"Emporia, KS",1270686154.6666667,35027
"Enid, OK",2482780949.0,62007
"Enterprise, AL",2213471721.6,56358
"Erie, PA",11781089250.0,267750
"Escanaba, MI",1308392939.0,36687
"Española, NM",1744360384.375,39955
"Eufaula, AL-GA",1062010524.0,26681
"Eugene-Springfield, OR",20447478912.0,382396
"Eureka-Arcata, CA",25752278540.0,132380
"Evanston, WY-UT",1764947819.25,23373
"Evansville, IN",14707931844.923077,271793
"Fairbanks-College, AK",5505211504.5,94951
"Fairmont, MN",840350340.5,19561
"Fairmont, WV",2982663972.2000003,55649
"Fallon, NV",1059981322.1666667,26033
"Fargo, ND-MN",12863001591.375,267793
"Faribault-Northfield, MN",2747845807.142857,69025
"Farmington, MO",2909658955.285714,67503
"Farmington, NM",8690593341.875,120817
"Fayetteville, NC",20119412041.5,393812
"Fayetteville-Springdale-Rogers, AR",24304494594.23077,605615
"Fergus Falls, MN",1966279222.0,60884
"Findlay, OH",3838043608.0,75016
"Fitzgerald, GA",580578062.5,16945
"Flagstaff, AZ",14249177953.199999,145161
"Flint, MI",18757350275.142857,402279
"Florence, SC",8699950130.6,200474
"Florence-Muscle Shoals, AL",6405087794.285714,156287
"Fond du Lac, WI",6013148543.285714,104269
"Forest City, NC",3481841664.125,65587
"Forrest City, AR",857946478.0,21822
"Fort Collins-Loveland, CO",24171110390.399998,374574
"Fort Dodge, IA",1577402078.3999999,36909
"Fort Leonard Wood, MO",1762669303.2,53964
"Fort Madison, IA",1490506862.4,32376
"Fort Morgan, CO",1951386660.0,30300
"Fort Payne, AL",2859538180.8,73122
"Fort Smith, AR-OK",8551358323.2,232848
"Fort Wayne, IN",22141531099.384613,462978
"Frankfort, IN",1660802760.0,32895
"Frankfort, KY",3443483295.0,77325
"Fredericksburg, TX",2171570455.166667,28159
"Freeport, IL",4713947846.400001,43088
"Fremont, NE",1538848080.0,37884
"Fremont, OH",2774253666.857143,58866
"Fresno, CA",108425741436.0,1189557
"Gadsden, AL",4300665177.714286,103207
"Gaffney, SC",3000641198.333333,57770
"Gainesville, FL",14190279223.636364,359780
"Gainesville, GA",11950725030.0,221745
"Gainesville, TX",2049034755.0,44258
"Galesburg, IL",2295283569.6,48716
"Gallup, NM",5945506547.5,68945
"Garden City, KS",1425213719.6363635,38354
"Gardnerville Ranchos, NV-CA",3613581900.4285717,50663
"Gettysburg, PA",7367957846.799999,107914
"Gillette, WY",2500068826.285714,47946
"Glasgow, KY",2365950624.5,56167
"Glens Falls, NY",6562076970.0,125127
"Gloversville, NY",2893123807.0,52073
"Goldsboro, NC",6803102536.285715,120338
"Grand Forks, ND-MN",5593908102.0,104184
"Grand Island, NE",4810870556.461538,77278
"Grand Junction, CO",12240578522.857143,161260
"Grand Rapids, MN",1656489652.3333335,45442
"Grand Rapids-Wyoming-Kentwood, MI",53102238014.57143,1178826
"Grants Pass, OR",9868144522.4,88276
"Great Bend, KS",1023265861.4285713,24835
"Great Falls, MT",4213077109.3333335,84523
"Greeley, CO",24306825017.142857,369745
"Green Bay, WI",16607449977.642859,334697
"Greeneville, TN",3071916008.571429,73398
"Greenfield, MA",4998059156.666666,70871
"Greensboro-High Point, NC",34192430844.0,800722
"Greensburg, IN",1219646202.0,26421
"Greenville, MS",1541010669.0,41181
"Greenville, NC",9277399396.125,180783
"Greenville, OH",2247178288.5,51462
"Greenville-Anderson-Greer, SC",43545414317.333336,996680
"Greenwood, MS",1323635318.3333335,35535
"Greenwood, SC",3769084487.0,94648
"Grenada, MS",1046150439.75,30342
"Gulfport-Biloxi, MS",18825732531.75,426793
"Guymon, OK",760569646.125,20577
"Hagerstown-Martinsburg, MD-WV",28710184436.666664,311295
"Hailey, ID",1643691488.0,32064
"Hammond, LA",6976943983.2,139823
"Hanford-Corcoran, CA",10803973428.6,154913
"Hannibal, MO",1674826737.5,38924
"Harrisburg-Carlisle, PA",34755096991.2,615361
"Harrison, AR",1547459812.2222223,45662
"Harrisonburg, VA",9015306692.0,138838
"Hartford-West Hartford-East Hartford, CT",102007913598.0,1169048
"Hastings, NE",2927914843.75,40625
"Hattiesburg, MS",6310113417.5,156575
"Hays, KS",1263317698.5,29007
"Heber, UT",6467724927.0,80967
"Helena, MT",4919401996.25,96735
"Henderson, NC",2159381750.2,42337
"Hereford, TX",1071542172.8571429,18495
"Hermiston-Pendleton, OR",4493048283.625,92851
"Hickory-Lenoir-Morganton, NC",21215609664.416668,373031
"Hillsdale, MI",2107319595.7142859,45590
"Hilo-Kailua, HI",12782714490.0,209790
"Hilton Head Island-Bluffton-Port Royal, SC",9979487368.5,237393
"Hinesville, GA",3639907900.285714,89046
"Hobbs, NM",7532144246.8,75151
"Holland, MI",6269038159.5,122429
"Homosassa Springs, FL",8174648438.0,170174
"Hood River, OR",1365701237.3333335,23764
"Hot Springs, AR",4415451945.666667,99902
"Houghton, MI",1385385041.2,40202
"Houma-Bayou Cane-Thibodaux, LA",9670480170.75,199206
"Houston-Pasadena-The Woodlands, TX",744991067837.9,7796182
"Hudson, NY",4794692213.285714,60299
"Huntingdon, PA",2955009794.5,43359
"Huntington, IN",1816965030.3999999,36944
"Huntington-Ashland, WV-KY-OH",14045330680.0,366920
"Huntsville, AL",23009593922.875,542297
"Huntsville, TX",9630900468.571428,83722
"Huron, SD",945390496.2857143,19459
"Hutchinson, KS",2857232900.142857,61417
"Hutchinson, MN",809288730.0,36780
"Idaho Falls, ID",7805513610.833333,171233
"Indiana, PA",4221892935.0,82953
"Indianapolis-Carmel-Greenwood, IN",109666562978.23999,2174833
"Iowa City, IA",8266521670.7,182711
"Iron Mountain, MI-WI",1165546102.2857144,30668
"Ithaca, NY",5111330403.666667,105602
"Jackson, MI",7339930373.571429,160233
"Jackson, MS",22964511160.210526,606178
"Jackson, TN",6711238613.333333,183680
"Jackson, WY-ID",1828059433.2,36204
"Jacksonville, FL",85186504295.14287,1760548
"Jacksonville, IL",1646612176.0,37498
"Jacksonville, NC",11263264832.4,212954
"Jacksonville, TX",4394496705.375,53223
"Jamestown, ND",965169229.5,21546
"Jamestown-Dunkirk, NY",6094020893.75,124105
"Janesville-Beloit, WI",10695509347.333332,165461
"Jasper, IN",2190891315.6,43629
"Jefferson, GA",5458159912.5,93825
"Jefferson City, MO",6823808000.400001,151523
"Jesup, GA",1289360764.0,32132
"Johnson City, TN",7955941973.333334,214948
"Johnstown, PA",6182007272.571428,130108
"Jonesboro, AR",5079020128.0,138152
"Joplin, MO-KS",7607999304.125,207131
"Juneau, AK",2339264196.0,31572
"Kahului-Wailuku, HI",9582779266.0,163769
"Kalamazoo-Portage, MI",11988741937.5,264780
"Kalispell, MT",5047330869.7,114527
"Kankakee, IL",11787546468.0,106410
"Kansas City, MO-KS",110484981799.35484,2253579
"Kapaa, HI",4022212480.0,73840
"Kearney, NE",3641201511.666667,57905
"Keene, NH",5541390855.0,78078
"Kendallville, IN",2300497981.5,47811
"Kennett, MO",942444805.5555557,27002
"Kennewick-Richland, WA",16807534732.8,319428
"Kerrville, TX",2667699650.0,53900
"Ketchikan, AK",503514195.99999994,13677
"Key West-Key Largo, FL",7313651690.666667,80908
"Kill Devil Hills, NC",1710430394.8,38183
"Killeen-Temple, TX",33378828518.75,509487
"Kingsport-Bristol, TN-VA",11579938047.764706,313876
"Kingston, NY",16880621553.714285,182977
"Kingsville, TX",1078277384.2857141,30442
"Kinston, NC",2938642997.1428576,55332
"Kirksville, MO",1113248650.1111112,29729
"Klamath Falls, OR",3117365761.25,70438
"Knoxville, TN",38397874138.08695,957608
"Kokomo, IN",4397586695.666666,84082
"Laconia, NH",4269674150.2,65257
"La Crosse-Onalaska, WI-MN",8227754094.900001,170763
"Lafayette, LA",17749457036.666664,419704
"Lafayette-West Lafayette, IN",13239219111.75,229701
"La Grande, OR",1191006948.0,26058
"LaGrange, GA-AL",4627455679.599999,105326
"Lake Charles, LA",12925237356.25,242975
"Lake City, FL",2901229986.0,73977
"Lake Havasu City-Kingman, AZ",18985766924.142857,226479
"Lakeland-Winter Haven, FL",40940020331.6,852878
"Lancaster, PA",33270267340.375,563293
"Lansing-East Lansing, MI",20856606503.88889,479971
"Laramie, WY",2625433696.0,39288
"Laredo, TX",11683099329.0,272823
"Las Cruces, NM",8638428165.199999,229366
"Las Vegas, NM",1383443612.5714285,30524
"Las Vegas-Henderson-North Las Vegas, NV",175995090011.80002,2398871
"Laurel, MS",3176681259.0,81636
"Laurinburg, NC",1632810163.3333335,33898
"Lawrence, KS",6032844006.0,121989
"Lawrenceburg, TN",1727937351.0,46467
"Lawton, OK",4883214518.888888,126899
"Lebanon, MO",1104407259.4285715,36738
"Lebanon, PA",8475621685.75,145319
"Lewisburg, PA",2074626321.857143,42159
"Lewisburg, TN",2111819346.2857144,37847
"Lewiston, ID-WA",2788226610.0,65370
"Lewiston-Auburn, ME",5486582172.0,115272
"Lewistown, PA",2100377875.0,45935
"Lexington, NE",1509036200.0,26362
"Lexington-Fayette, KY",21766778747.578945,533366
"Liberal, KS",759542562.0,21276
"Lima, OH",5159951529.0,100866
"Lincoln, IL",1403893668.2857144,27518
"Lincoln, NE",15614147157.199999,350626
"Little Rock-North Little Rock-Conway, AR",32132339367.625,769258
"Lock Haven, PA",1812932024.1666667,37865
"Logan, UT-ID",13248825375.0,161125
"Logansport, IN",1768926954.1428573,37559
"Longview, TX",19196187735.833332,295490
"Longview-Kelso, WA",7861547506.999999,113982
"Los Alamos, NM",949948350.0,19675
"Los Angeles-Long Beach-Anaheim, CA",965727855038.0,12927614
"Louisville/Jefferson County, KY-IN",67294990553.76,1394234
"Lubbock, TX",15634208648.875,367109
"Ludington, MI",1345074124.8,29093
"Lufkin, TX",8789655932.25,88094
"Lumberton, NC",5475387280.0,118624
"Lynchburg, VA",11190327172.0,266432
"Macomb, IL",1218186780.0,26662
"Macon-Bibb County, GA",10746124867.5625,237617
"Madison, IN",1538859224.0,32921
"Madison, WI",39044000825.6,707606
"Madisonville, KY",1966387629.6666667,45218
"Magnolia, AR",746975422.8571429,22024
"Malvern, AR",1396604694.0,33313
"Manchester-Nashua, NH",30687313133.5,430462
"Manhattan, KS",5327981077.5,134892
"Manitowoc, WI",4342022839.285714,81513
"Mankato, MN",4497331356.571428,105193
"Mansfield, OH",5404137252.0,124853
"Marietta, OH",2238548832.0,58332
"Marinette, WI-MI",2553880019.666667,65393
"Marion, IN",3382417886.0,66458
"Marion, NC",2027656713.0000002,45269
"Marion, OH",2874009149.714286,64976
"Marquette, MI",2003284480.8333335,67979
"Marshall, MN",1023489232.0,25577
"Marshall, MO",963392475.0,23325
"Marshalltown, IA",2172372642.0,40392
"Martin, TN",1167627387.6000001,33162
"Martinsville, VA",2296655957.142857,63219
"Maryville, MO",868331340.0,20503
"Mason City, IA",2658174600.0,49800
"Mayfield, KY",1497514672.625,36821
"McAlester, OK",1756499415.0,43395
"McAllen-Edinburg-Mission, TX",28452731640.0,914820
"McComb, MS",2252888807.0,52819
"McMinnville, TN",1748069591.625,43619
"McPherson, KS",1309263974.3999999,30334
"Meadville, PA",3602698577.9999995,82089
"Medford, OR",8864926276.800001,221331
"Memphis, TN-MS-AR",53482083983.69565,1339345
"Menomonie, WI",1679575431.6666665,46135
"Merced, CA",24892428005.428574,296774
"Meridian, MS",3161805278.625,85743
"Mexico, MO",1168989994.6666665,24304
"Miami, OK",1182487570.0,30404
"Miami-Fort Lauderdale-West Palm Beach, FL",600222356938.5,6457988
"Michigan City-La Porte, IN",8937143082.0,111348
"Middlesborough, KY",697076646.875,23051
"Midland, MI",3593486504.8,84022
"Midland, TX",15670645447.5,188766
"Milledgeville, GA",1986958566.0,43644
"Milwaukee-Waukesha, WI",86678961977.66666,1574452
"Mineral Wells, TX",1405111687.5,30231
"Minneapolis-St. Paul-Bloomington, MN-WI",162548555840.0,3757952
"Minot, ND",5375752270.666666,75938
"Missoula, MT",5530631755.666666,127741
"Mitchell, SD",1401338016.0,25776
"Moberly, MO",1201625285.2,24077
"Mobile, AL",18376437320.333336,412339
"Modesto, CA",75888708078.85715,556972
"Monroe, LA",7852452664.0,221921
"Monroe, MI",9278373282.0,156045
"Montgomery, AL",13437915646.071428,387885
"Montrose, CO",3355796576.857143,44806
"Morehead City, NC",3187738653.75,70259
"Morgan City, LA",2002735125.6000001,46799
"Morgantown, WV",8290982628.0,142752
"Morristown, TN",5606380175.5,126932
"Moscow, ID",1565004540.0,42180
"Moses Lake, WA",6218188541.777778,104717
"Moultrie, GA",1876697595.0000002,46977
"Mountain Home, AR",1331951365.4285715,43007
"Mountain Home, ID",1452836410.6666667,29729
"Mount Airy, NC",2527302379.0,71547
"Mount Pleasant, MI",2705010504.0,65072
"Mount Pleasant, TX",3340669578.0,56895
"Mount Sterling, KY",1752154142.4545455,48063
"Mount Vernon, IL",1488681293.7142856,36107
"Mount Vernon, OH",2878970168.0,63848
"Mount Vernon-Anacortes, WA",9482261632.0,132736
"Muncie, IN",5401236140.714286,112951
"Murray, KY",1596169158.3333333,38975
"Muscatine, IA",2356864080.0,42132
"Muskegon-Norton Shores, MI",8402576081.333333,177428
"Muskogee, OK",2736593600.0,66752
"Myrtle Beach-Conway-North Myrtle Beach, SC",19226867083.875,413391
"Nacogdoches, TX",7095166707.2,65728
"Napa, CA",16973261487.0,132727
"Naples-Marco Island, FL",37092673167.16667,416233
"Nashville-Davidson--Murfreesboro--Franklin, TN",96883453240.16129,2150553
"Natchez, MS-LA",2132641114.8000002,53371
"Natchitoches, LA",1234250566.0,35982
"New Bern, NC",5886783105.777778,126179
"Newberry, SC",1492626222.857143,39203
"New Castle, IN",2514952509.4285717,49081
"New Haven, CT",58314379195.6,576718
"New Orleans-Metairie, LA",46553927630.0,966230
"New Philadelphia-Dover, OH",4224648157.7142854,92048
"Newport, OR",3314440640.0,51212
"Newport, TN",1560679781.1428573,37596
"New Ulm, MN",1127174147.1428573,25710
"New York-Newark-Jersey City, NY-NJ",2002272433835.8376,19940274
"Niles, MI",10313026159.5,152703
"Nogales, AZ",2228160420.0,50508
"Norfolk, NE",2031755541.6000001,48669
"North Platte, NE",1734579513.5454545,34013
"North Port-Bradenton-Sarasota, FL",46231548462.0,934956
"North Wilkesboro, NC",2956484496.0,66186
"Norwalk, OH",2689788036.5714283,58168
"Norwich-New London-Willimantic, CT",22132096745.142857,282602
"Oak Harbor, WA",10598397768.0,86478
"Ocala, FL",19132471695.714283,428905
"Odessa, TX",13725672033.6,170022
"Ogden, UT",50059716815.5,667681
"Oil City, PA",1877010592.8000002,49476
"Okeechobee, FL",3724378095.375,42369
"Oklahoma City, OK",60795529565.10527,1497821
"Olean, NY",3130476575.0,75475
"Olympia-Lacey-Tumwater, WA",37136587123.200005,302912
"Omaha, NE-IA",43696668052.10526,1001010
"Oneonta, NY",3131912731.5,60524
"Ontario, OR-ID",2615141144.8,59977
"Opelousas, LA",3070110716.0,80869
"Orangeburg, SC",3608205932.1,83129
"Orlando-Kissimmee-Sanford, FL",187621837839.27274,2940513
"Oshkosh-Neenah, WI",9825149328.5,173307
"Oskaloosa, IA",1067431621.5,22034
"Othello, WA",981376778.4,21039
"Ottawa, KS",1202532725.3333333,26273
"Ottumwa, IA",1752503535.875,35681
"Owatonna, MN",1628229264.0,37434
"Owensboro, KY",6014465946.5,113583
"Owosso, MI",3081148186.0,67982
"Oxford, MS",2587291285.0,72301
"Oxnard-Thousand Oaks-Ventura, CA",70422736678.5,835427
"Ozark, AL",2027137729.5,50067
"Paducah, KY-IL",4485044353.0,102395
"Pahrump, NV",3395356778.0,55990
"Palatka, FL",3845978739.0000005,77301
"Palestine, TX",4409164730.666667,59512
"Palm Bay-Melbourne-Titusville, FL",39164559249.4,658447
"Pampa, TX",926949265.0,21725
"Panama City-Panama City Beach, FL",8828472468.375,226221
"Paragould, AR",1508132957.3333335,46928
"Paris, TN",1077778688.5,32883
"Paris, TX",3450833735.0,62945
"Parkersburg-Vienna, WV",3535543426.8,87681
"Payson, AZ",4843449930.142857,54073
"Pella, IA",1891207509.3333335,34048
"Pensacola-Ferry Pass-Brent, FL",25542627292.0,538928
"Peoria, IL",25818753703.57143,364565
"Peru, IN",1746995715.0,35613
"Philadelphia-Camden-Wilmington, PA-NJ-DE-MD",496185861852.3334,6330422
"Phoenix-Mesa-Chandler, AZ",480429017355.0,5186958
"Picayune, MS",2441691621.428571,59030
"Pierre, SD",1181777650.125,20541
"Pine Bluff, AR",2537125594.5454545,71039
"Pinehurst-Southern Pines, NC",5379773509.125,108417
"Pittsburg, KS",1451886164.5714285,38904
"Pittsburgh, PA",145448554334.41666,2429917
"Pittsfield, MA",10545797096.25,128726
"Plainview, TX",1422679720.0,36995
"Platteville, WI",2470492758.75,52330
"Plattsburgh, NY",3768317857.8,77871
"Plymouth, IN",2297141440.0,46464
"Pocatello, ID",6966496965.0,91010
"Ponca City, OK",1624847859.0,43437
"Pontiac, IL",3291290000.0,35375
"Poplar Bluff, MO",1427955069.0,41814
"Port Angeles, WA",12302318106.0,77958
"Portland-South Portland, ME",32289702382.88889,571534
"Portland-Vancouver-Hillsboro, OR-WA",165308371107.4286,2537904
"Port Lavaca, TX",1755148598.6666667,19942
"Port St. Lucie, FL",48206069331.2,556336
"Portsmouth, OH",2878156169.142857,71798
"Pottsville, PA",11238525990.88889,144523
"Price, UT",2655795410.4,20613
"Providence-Warwick, RI-MA",138131561856.2727,1700901
"Provo-Orem-Lehi, UT",67273023115.33333,760531
"Pueblo, CO",7092245232.0,169866
"Pullman, WA",2190766215.2999997,48399
"Punta Gorda, FL",15184880643.2,212122
"Quincy, IL-MO",2952218030.875,73961
"Racine-Mount Pleasant, WI",10820440509.6,198651
"Raleigh-Cary, NC",90018355525.85715,1562009
"Rapid City, SD",7124497994.5,156227
"Raymondville, TX",622879754.0,20027
"Reading, PA",33244596649.833332,439117
"Red Bluff, CA",6689139107.857142,64451
"Redding, CA",14115302893.0,181121
"Red Wing, MN",1590147471.0,47982
"Reno, NV",27582275600.0,575110
"Rexburg, ID",3161027840.0,69948
"Richmond, IN",3069223534.2857146,66410
"Richmond, VA",74771685264.5,1370165
"Richmond-Berea, KY",5117876079.0,129810
"Rio Grande City-Roma, TX",2445807097.0,66587
"Riverside-San Bernardino-Ontario, CA",405811439716.36365,4744214
"Riverton, WY",2503637327.714286,39721
"Roanoke, VA",13130047213.0625,315749
"Roanoke Rapids, NC",3028965639.1111107,63572
"Rochelle, IL",7415180718.75,51345
"Rochester, MN",8413272850.909091,230742
"Rochester, NY",51959515933.200005,1057218
"Rockford, IL",33373062158.800003,337103
"Rockingham, NC",1950655947.5,41990
"Rock Springs, WY",3515079247.4444447,41273
"Rocky Mount, NC",8187986946.857143,147114
"Rolla, MO",1516135324.0,45672
"Rome, GA",5239516545.714286,101390
"Roseburg, OR",7353135483.571429,112255
"Roswell, NM",4762651988.714285,63697
"Ruidoso, NM",1406986537.5,20025
"Russellville, AR",3075448192.5,84963
"Ruston, LA",1632861523.8,48243
"Rutland, VT",3349067571.6,60198
"Sacramento-Roseville-Folsom, CA",230270199903.5625,2463127
"Safford, AZ",3641468398.5,40242
"Saginaw, MI",8291740350.799999,187714
"St. Cloud, MN",8724656708.400002,205878
"St. George, UT",15904561943.599998,207943
"St. Joseph, MO-KS",5547329778.461538,119124
"St. Louis, MO-IL",129776539719.0,2811927
"St. Marys, PA",1000955251.3333334,30124
"Salem, OH",5988880885.0,99823
"Salem, OR",28809269619.199997,443416
"Salina, KS",2631792064.0,59312
"Salinas, CA",44823554205.5,436251
"Salisbury, MD",9150216558.75,131570
"Salt Lake City-Murray, UT",95583657543.81818,1300762
"San Angelo, TX",5997823305.333333,121629
"San Antonio-New Braunfels, TX",156556678470.3333,2763006
"San Diego-Chula Vista-Carlsbad, CA",250279880130.0,3298799
"Sandpoint, ID",1777169790.0,53955
"Sandusky, OH",5458167094.8,113533
"Sanford, NC",3474568886.25,68537
"San Francisco-Oakland-Fremont, CA",494276770320.2,4648486
"San Jose-Sunnyvale-Santa Clara, CA",200700459429.3333,1995484
"San Luis Obispo-Paso Robles, CA",28172575331.199997,281843
"Santa Cruz-Watsonville, CA",29743772581.2,262406
"Santa Fe, NM",7587707675.0,157765
"Santa Maria-Santa Barbara, CA",46954646375.0,444500
"Santa Rosa-Petaluma, CA",78952650700.0,485375
"Sault Ste. Marie, MI",1684626155.8,36253
"Savannah, GA",17129713461.375,431589
"Sayre, PA",2815484438.666667,59699
"Scottsbluff, NE",2196851718.0,36399
"Scottsboro, AL",2441257052.0,53780
"Scranton--Wilkes-Barre, PA",44694292370.6,574009
"Searcy, AR",2999387765.75,79091
"Seattle-Tacoma-Bellevue, WA",430735135865.1667,4145494
"Sebastian-Vero Beach-West Vero Corridor, FL",14819446510.0,172139
"Sebring, FL",9026354906.857143,109778
"Sedalia, MO",1988461728.0,43791
"Selinsgrove, PA",1633258506.6000001,39627
"Selma, AL",1134474531.4285715,35545
"Seneca, SC",3589605244.444444,82475
"Seneca Falls, NY",1614167025.0,32650
"Sevierville, TN",4261498183.9999995,100184
"Seymour, IN",2165292040.0,47420
"Shawano, WI",2281431567.857143,45585
"Shawnee, OK",2817346831.6666665,74446
"Sheboygan, WI",6299252175.833333,118331
"Shelby-Kings Mountain, NC",6070819970.857143,102194
"Shelbyville, TN",2783215948.0,54228
"Shelton, WA",9136310272.0,69632
"Sheridan, WY",1854273792.8,32978
"Sherman-Denison, TX",7834989890.666666,150532
"Show Low, AZ",12639132044.0,109516
"Shreveport-Bossier City, LA",16698472847.818182,383269
"Sidney, OH",2259718819.2,47952
"Sierra Vista-Douglas, AZ",9702234030.833332,125773
"Sikeston, MO",2040604901.9999998,49707
"Silver City, NM",2020885137.3333333,27541
"Sioux City, IA-NE-SD",8295389508.142857,145994
"Sioux Falls, SD-MN",17955030236.5,308266
"Snyder, TX",602630956.1999999,16211
"Somerset, KY",1907294693.75,66842
"Somerset, PA",5090310892.571428,72134
"Sonora, CA",6330035998.125,53893
"South Bend-Mishawaka, IN-MI",19918040770.22222,325294
"Spartanburg, SC",18529783188.0,395934
"Spearfish, SD",1244756224.8,28809
"Spencer, IA",771883778.6666666,16474
"Spirit Lake, IA",969146934.0,18158
"Spokane-Spokane Valley, WA",20408937535.8,604962
"Springfield, IL",9198716688.400002,206308
"Springfield, MA",40155385557.375,464151
"Springfield, MO",16053215453.571428,496975
"Springfield, OH",6903222890.0,134985
"Starkville, MS",2525063296.7999997,62004
"State College, PA",7525171791.428571,159805
"Statesboro, GA",2801458132.0,96323
"Staunton-Stuarts Draft, VA",6297534759.3,128481
"Steamboat Springs, CO",2466757189.285714,38385
"Stephenville, TX",2184471792.0,44496
"Sterling, CO",1398173028.0000002,20755
"Sterling, IL",5497817819.625,54657
"Stevens Point-Plover, WI",3441158693.3333335,72040
"Stillwater, OK",3052550546.0,84199
"Stockton-Lodi, CA",80849371236.0,816108
"Storm Lake, IA",849482746.0,20816
"Sturgis, MI",2736068722.2,61171
"Sulphur Springs, TX",1911996902.3999999,38784
"Summerville, GA",1225559457.6,25306
"Sumter, SC",4548670424.0,104776
"Sunbury, PA",6253491386.666666,108142
"Susanville, CA",1296016540.0,28340
"Sweetwater, TX",649084612.4,14182
"Syracuse, NY",34243453085.0,655189
"Tahlequah, OK",2112515851.0,48729
"Talladega-Sylacauga, AL",3713178828.2,91666
"Tallahassee, FL",14954170700.0,397675
"Tampa-St. Petersburg-Clearwater, FL",177425597460.0,3424560
"Taos, NM",1153690135.5,34482
"Taylorville, IL",1796160863.25,33247
"Terre Haute, IN",7408074565.866667,168874
"Texarkana, TX-AR",5659278198.153846,145576
"The Dalles, OR",1522520846.8888888,26507
"Thomaston, GA",1273509166.2857144,28358
"Thomasville, GA",2837103107.142857,72325
"Tiffin, OH",2731832312.8571424,54730
"Tifton, GA",1917320166.7142859,50731
"Toccoa, GA",1219448306.4,27498
"Toledo, OH",30475842532.666664,601396
"Topeka, KS",10105589338.0,232648
"Torrington, CT",11047852145.199999,114101
"Traverse City, MI",6548568511.454546,156634
"Trenton-Princeton, NJ",34603041396.0,392138
"Troy, AL",1267338436.0,33124
"Truckee-Grass Valley, CA",6109651428.75,102195
"Tucson, AZ",65721665905.0,1080149
"Tullahoma-Manchester, TN",3309507409.5,68058
"Tulsa, OK",45374842031.47059,1059803
"Tupelo, MS",5079558481.200001,132699
"Tuscaloosa, AL",11029043165.642857,281963
"Twin Falls, ID",6270885018.75,122565
"Tyler, TX",13744280925.25,249091
"Ukiah, CA",14071428575.0,89175
"Union City, TN",1078483126.875,30261
"Urbana, OH",1770668686.2857144,38907
"Urban Honolulu, HI",59253662016.0,998747
"Utica-Rome, NY",14071783910.800001,287932
"Uvalde, TX",1173914434.4,25138
"Valdosta, GA",5581333346.400001,152588
"Vallejo, CA",40944162687.2,455101
"Van Wert, OH",1437427952.625,28887
"Vermillion, SD",891164260.8333333,15245
"Vernal, UT",3952458799.5,38307
"Vernon, TX",517850876.25,12455
"Vicksburg, MS",1568798615.9999998,42105
"Victoria, TX",8826769095.555555,99170
"Vidalia, GA",1216561108.5,36054
"Vincennes, IN",1531565289.1428573,35872
"Vineland, NJ",16007123316.0,155678
"Vineyard Haven, MA",1477092174.0,21061
"Virginia Beach-Chesapeake-Norfolk, VA-NC",82409842831.5,1794278
"Visalia, CA",38328273690.0,483546
"Wabash, IN",1518424331.0,30777
"Waco, TX",19582469603.0,307123
"Wahpeton, ND-MN",974273485.3333334,22926
"Walla Walla, WA",2909072850.5,62068
"Wapakoneta, OH",2131600835.7142859,45922
"Warner Robins, GA",8649263305.0,204110
"Warren, PA",1365123571.0,37373
"Warrensburg, MO",2849242968.0,55880
"Warsaw, IN",3540293513.333333,80669
"Washington, IN",1519055447.0,34097
"Washington, NC",1978824160.0,44576
"Washington-Arlington-Alexandria, DC-VA-MD-WV",597739150825.9025,6436489
"Washington Court House, OH",1224049119.4285715,28782
"Waterloo-Cedar Falls, IA",8989843856.25,170081
"Watertown, SD",1488200740.0,29278
"Watertown-Fort Atkinson, WI",5456841893.0,86245
"Watertown-Fort Drum, NY",5328758232.0,113140
"Wausau, WI",7785410088.5,139091
"Waycross, GA",2433523903.2,56891
"Weatherford, OK",1364005863.0,39105
"Weirton-Steubenville, WV-OH",7458134435.888889,113239
"Wenatchee-East Wenatchee, WA",9384268705.5,127023
"West Plains, MO",933592467.0,40762
"Wheeling, WV-OH",7975985730.666666,135136
"Whitewater-Elkhorn, WI",7426854319.5,106029
"Wichita, KS",29007457546.600002,661217
"Wichita Falls, TX",5761833600.200001,149869
"Williamsport, PA",4679251228.0,113236
"Williston, ND",3167995540.8571424,40763
"Willmar, MN",1523817375.9999998,44674
"Wilmington, NC",24666695891.25,480522
"Wilmington, OH",2569383814.714286,42019
"Wilson, NC",4773801009.428572,79958
"Winchester, VA-WV",17491196650.2,149702
"Winnemucca, NV",806451148.8000001,17116
"Winona, MN",2003217678.0,49973
"Winston-Salem, NC",31621844342.500004,705187
"Wisconsin Rapids-Marshfield, WI",3542818635.166667,73943
"Woodward, OK",640027857.8,19991
"Wooster, OH",6327733089.333334,116632
"Worcester, MA",63791940450.909096,881248
"Worthington, MN",935251086.6,21969
"Yakima, WA",19725965569.88889,258523
"Yankton, SD",815239224.75,23509
"York-Hanover, PA",27858648510.0,471240
"Youngstown-Warren, OH",22459973057.800003,426086
"Yuba City, CA",11074322821.777779,186014
"Yuma, AZ",18824608260.0,220310
"Zanesville, OH",3323450070.0,86582
"Zapata, TX",619664688.5,13819
Honduras,49376666412.16216,10294000
